index,location,total_deaths,date,year,month,day
0,Africa,0,2020-01-05,2020,1,5
1,Africa,0,2020-01-06,2020,1,6
2,Africa,0,2020-01-07,2020,1,7
3,Africa,0,2020-01-08,2020,1,8
4,Africa,0,2020-01-09,2020,1,9
5,Africa,0,2020-01-10,2020,1,10
6,Africa,0,2020-01-11,2020,1,11
7,Africa,0,2020-01-12,2020,1,12
8,Africa,0,2020-01-13,2020,1,13
9,Africa,0,2020-01-14,2020,1,14
10,Africa,0,2020-01-15,2020,1,15
11,Africa,0,2020-01-16,2020,1,16
12,Africa,0,2020-01-17,2020,1,17
13,Africa,0,2020-01-18,2020,1,18
14,Africa,0,2020-01-19,2020,1,19
15,Africa,0,2020-01-20,2020,1,20
16,Africa,0,2020-01-21,2020,1,21
17,Africa,0,2020-01-22,2020,1,22
18,Africa,0,2020-01-23,2020,1,23
19,Africa,0,2020-01-24,2020,1,24
20,Africa,0,2020-01-25,2020,1,25
21,Africa,0,2020-01-26,2020,1,26
22,Africa,0,2020-01-27,2020,1,27
23,Africa,0,2020-01-28,2020,1,28
24,Africa,0,2020-01-29,2020,1,29
25,Africa,0,2020-01-30,2020,1,30
26,Africa,0,2020-01-31,2020,1,31
27,Africa,0,2020-02-01,2020,2,1
28,Africa,0,2020-02-02,2020,2,2
29,Africa,0,2020-02-03,2020,2,3
30,Africa,0,2020-02-04,2020,2,4
31,Africa,0,2020-02-05,2020,2,5
32,Africa,0,2020-02-06,2020,2,6
33,Africa,0,2020-02-07,2020,2,7
34,Africa,0,2020-02-08,2020,2,8
35,Africa,0,2020-02-09,2020,2,9
36,Africa,0,2020-02-10,2020,2,10
37,Africa,0,2020-02-11,2020,2,11
38,Africa,0,2020-02-12,2020,2,12
39,Africa,0,2020-02-13,2020,2,13
40,Africa,0,2020-02-14,2020,2,14
41,Africa,0,2020-02-15,2020,2,15
42,Africa,0,2020-02-16,2020,2,16
43,Africa,0,2020-02-17,2020,2,17
44,Africa,0,2020-02-18,2020,2,18
45,Africa,0,2020-02-19,2020,2,19
46,Africa,0,2020-02-20,2020,2,20
47,Africa,0,2020-02-21,2020,2,21
48,Africa,0,2020-02-22,2020,2,22
49,Africa,0,2020-02-23,2020,2,23
50,Africa,0,2020-02-24,2020,2,24
51,Africa,0,2020-02-25,2020,2,25
52,Africa,0,2020-02-26,2020,2,26
53,Africa,0,2020-02-27,2020,2,27
54,Africa,0,2020-02-28,2020,2,28
55,Africa,0,2020-02-29,2020,2,29
56,Africa,0,2020-03-01,2020,3,1
57,Africa,0,2020-03-02,2020,3,2
58,Africa,0,2020-03-03,2020,3,3
59,Africa,0,2020-03-04,2020,3,4
60,Africa,0,2020-03-05,2020,3,5
61,Africa,0,2020-03-06,2020,3,6
62,Africa,0,2020-03-07,2020,3,7
63,Africa,5,2020-03-08,2020,3,8
64,Africa,5,2020-03-09,2020,3,9
65,Africa,5,2020-03-10,2020,3,10
66,Africa,5,2020-03-11,2020,3,11
67,Africa,5,2020-03-12,2020,3,12
68,Africa,5,2020-03-13,2020,3,13
69,Africa,5,2020-03-14,2020,3,14
70,Africa,9,2020-03-15,2020,3,15
71,Africa,9,2020-03-16,2020,3,16
72,Africa,9,2020-03-17,2020,3,17
73,Africa,9,2020-03-18,2020,3,18
74,Africa,9,2020-03-19,2020,3,19
75,Africa,9,2020-03-20,2020,3,20
76,Africa,9,2020-03-21,2020,3,21
77,Africa,27,2020-03-22,2020,3,22
78,Africa,27,2020-03-23,2020,3,23
79,Africa,27,2020-03-24,2020,3,24
80,Africa,27,2020-03-25,2020,3,25
81,Africa,27,2020-03-26,2020,3,26
82,Africa,27,2020-03-27,2020,3,27
83,Africa,27,2020-03-28,2020,3,28
84,Africa,140,2020-03-29,2020,3,29
85,Africa,140,2020-03-30,2020,3,30
86,Africa,140,2020-03-31,2020,3,31
87,Africa,140,2020-04-01,2020,4,1
88,Africa,140,2020-04-02,2020,4,2
89,Africa,140,2020-04-03,2020,4,3
90,Africa,140,2020-04-04,2020,4,4
91,Africa,579,2020-04-05,2020,4,5
92,Africa,579,2020-04-06,2020,4,6
93,Africa,579,2020-04-07,2020,4,7
94,Africa,579,2020-04-08,2020,4,8
95,Africa,579,2020-04-09,2020,4,9
96,Africa,579,2020-04-10,2020,4,10
97,Africa,579,2020-04-11,2020,4,11
98,Africa,934,2020-04-12,2020,4,12
99,Africa,934,2020-04-13,2020,4,13
100,Africa,934,2020-04-14,2020,4,14
101,Africa,934,2020-04-15,2020,4,15
102,Africa,934,2020-04-16,2020,4,16
103,Africa,934,2020-04-17,2020,4,17
104,Africa,934,2020-04-18,2020,4,18
105,Africa,1476,2020-04-19,2020,4,19
106,Africa,1476,2020-04-20,2020,4,20
107,Africa,1476,2020-04-21,2020,4,21
108,Africa,1476,2020-04-22,2020,4,22
109,Africa,1476,2020-04-23,2020,4,23
110,Africa,1476,2020-04-24,2020,4,24
111,Africa,1476,2020-04-25,2020,4,25
112,Africa,1765,2020-04-26,2020,4,26
113,Africa,1765,2020-04-27,2020,4,27
114,Africa,1765,2020-04-28,2020,4,28
115,Africa,1765,2020-04-29,2020,4,29
116,Africa,1765,2020-04-30,2020,4,30
117,Africa,1765,2020-05-01,2020,5,1
118,Africa,1765,2020-05-02,2020,5,2
119,Africa,2151,2020-05-03,2020,5,3
120,Africa,2151,2020-05-04,2020,5,4
121,Africa,2151,2020-05-05,2020,5,5
122,Africa,2151,2020-05-06,2020,5,6
123,Africa,2151,2020-05-07,2020,5,7
124,Africa,2151,2020-05-08,2020,5,8
125,Africa,2151,2020-05-09,2020,5,9
126,Africa,2604,2020-05-10,2020,5,10
127,Africa,2604,2020-05-11,2020,5,11
128,Africa,2604,2020-05-12,2020,5,12
129,Africa,2604,2020-05-13,2020,5,13
130,Africa,2604,2020-05-14,2020,5,14
131,Africa,2604,2020-05-15,2020,5,15
132,Africa,2604,2020-05-16,2020,5,16
133,Africa,3066,2020-05-17,2020,5,17
134,Africa,3066,2020-05-18,2020,5,18
135,Africa,3066,2020-05-19,2020,5,19
136,Africa,3066,2020-05-20,2020,5,20
137,Africa,3066,2020-05-21,2020,5,21
138,Africa,3066,2020-05-22,2020,5,22
139,Africa,3066,2020-05-23,2020,5,23
140,Africa,3608,2020-05-24,2020,5,24
141,Africa,3608,2020-05-25,2020,5,25
142,Africa,3608,2020-05-26,2020,5,26
143,Africa,3608,2020-05-27,2020,5,27
144,Africa,3608,2020-05-28,2020,5,28
145,Africa,3608,2020-05-29,2020,5,29
146,Africa,3608,2020-05-30,2020,5,30
147,Africa,4417,2020-05-31,2020,5,31
148,Africa,4417,2020-06-01,2020,6,1
149,Africa,4417,2020-06-02,2020,6,2
150,Africa,4417,2020-06-03,2020,6,3
151,Africa,4417,2020-06-04,2020,6,4
152,Africa,4417,2020-06-05,2020,6,5
153,Africa,4417,2020-06-06,2020,6,6
154,Africa,6095,2020-06-07,2020,6,7
155,Africa,6095,2020-06-08,2020,6,8
156,Africa,6095,2020-06-09,2020,6,9
157,Africa,6095,2020-06-10,2020,6,10
158,Africa,6095,2020-06-11,2020,6,11
159,Africa,6095,2020-06-12,2020,6,12
160,Africa,6095,2020-06-13,2020,6,13
161,Africa,7638,2020-06-14,2020,6,14
162,Africa,7638,2020-06-15,2020,6,15
163,Africa,7638,2020-06-16,2020,6,16
164,Africa,7638,2020-06-17,2020,6,17
165,Africa,7638,2020-06-18,2020,6,18
166,Africa,7638,2020-06-19,2020,6,19
167,Africa,7638,2020-06-20,2020,6,20
168,Africa,9760,2020-06-21,2020,6,21
169,Africa,9760,2020-06-22,2020,6,22
170,Africa,9760,2020-06-23,2020,6,23
171,Africa,9760,2020-06-24,2020,6,24
172,Africa,9760,2020-06-25,2020,6,25
173,Africa,9760,2020-06-26,2020,6,26
174,Africa,9760,2020-06-27,2020,6,27
175,Africa,11954,2020-06-28,2020,6,28
176,Africa,11954,2020-06-29,2020,6,29
177,Africa,11954,2020-06-30,2020,6,30
178,Africa,11954,2020-07-01,2020,7,1
179,Africa,11954,2020-07-02,2020,7,2
180,Africa,11954,2020-07-03,2020,7,3
181,Africa,11954,2020-07-04,2020,7,4
182,Africa,13785,2020-07-05,2020,7,5
183,Africa,13785,2020-07-06,2020,7,6
184,Africa,13785,2020-07-07,2020,7,7
185,Africa,13785,2020-07-08,2020,7,8
186,Africa,13785,2020-07-09,2020,7,9
187,Africa,13785,2020-07-10,2020,7,10
188,Africa,13785,2020-07-11,2020,7,11
189,Africa,15789,2020-07-12,2020,7,12
190,Africa,15789,2020-07-13,2020,7,13
191,Africa,15789,2020-07-14,2020,7,14
192,Africa,15789,2020-07-15,2020,7,15
193,Africa,15789,2020-07-16,2020,7,16
194,Africa,15789,2020-07-17,2020,7,17
195,Africa,15789,2020-07-18,2020,7,18
196,Africa,17744,2020-07-19,2020,7,19
197,Africa,17744,2020-07-20,2020,7,20
198,Africa,17744,2020-07-21,2020,7,21
199,Africa,17744,2020-07-22,2020,7,22
200,Africa,17744,2020-07-23,2020,7,23
201,Africa,17744,2020-07-24,2020,7,24
202,Africa,17744,2020-07-25,2020,7,25
203,Africa,20280,2020-07-26,2020,7,26
204,Africa,20280,2020-07-27,2020,7,27
205,Africa,20280,2020-07-28,2020,7,28
206,Africa,20280,2020-07-29,2020,7,29
207,Africa,20280,2020-07-30,2020,7,30
208,Africa,20280,2020-07-31,2020,7,31
209,Africa,20280,2020-08-01,2020,8,1
210,Africa,22706,2020-08-02,2020,8,2
211,Africa,22706,2020-08-03,2020,8,3
212,Africa,22706,2020-08-04,2020,8,4
213,Africa,22706,2020-08-05,2020,8,5
214,Africa,22706,2020-08-06,2020,8,6
215,Africa,22706,2020-08-07,2020,8,7
216,Africa,22706,2020-08-08,2020,8,8
217,Africa,25644,2020-08-09,2020,8,9
218,Africa,25644,2020-08-10,2020,8,10
219,Africa,25644,2020-08-11,2020,8,11
220,Africa,25644,2020-08-12,2020,8,12
221,Africa,25644,2020-08-13,2020,8,13
222,Africa,25644,2020-08-14,2020,8,14
223,Africa,25644,2020-08-15,2020,8,15
224,Africa,27998,2020-08-16,2020,8,16
225,Africa,27998,2020-08-17,2020,8,17
226,Africa,27998,2020-08-18,2020,8,18
227,Africa,27998,2020-08-19,2020,8,19
228,Africa,27998,2020-08-20,2020,8,20
229,Africa,27998,2020-08-21,2020,8,21
230,Africa,27998,2020-08-22,2020,8,22
231,Africa,30186,2020-08-23,2020,8,23
232,Africa,30186,2020-08-24,2020,8,24
233,Africa,30186,2020-08-25,2020,8,25
234,Africa,30186,2020-08-26,2020,8,26
235,Africa,30186,2020-08-27,2020,8,27
236,Africa,30186,2020-08-28,2020,8,28
237,Africa,30186,2020-08-29,2020,8,29
238,Africa,31987,2020-08-30,2020,8,30
239,Africa,31987,2020-08-31,2020,8,31
240,Africa,31987,2020-09-01,2020,9,1
241,Africa,31987,2020-09-02,2020,9,2
242,Africa,31987,2020-09-03,2020,9,3
243,Africa,31987,2020-09-04,2020,9,4
244,Africa,31987,2020-09-05,2020,9,5
245,Africa,33613,2020-09-06,2020,9,6
246,Africa,33613,2020-09-07,2020,9,7
247,Africa,33613,2020-09-08,2020,9,8
248,Africa,33613,2020-09-09,2020,9,9
249,Africa,33613,2020-09-10,2020,9,10
250,Africa,33613,2020-09-11,2020,9,11
251,Africa,33613,2020-09-12,2020,9,12
252,Africa,35061,2020-09-13,2020,9,13
253,Africa,35061,2020-09-14,2020,9,14
254,Africa,35061,2020-09-15,2020,9,15
255,Africa,35061,2020-09-16,2020,9,16
256,Africa,35061,2020-09-17,2020,9,17
257,Africa,35061,2020-09-18,2020,9,18
258,Africa,35061,2020-09-19,2020,9,19
259,Africa,36376,2020-09-20,2020,9,20
260,Africa,36376,2020-09-21,2020,9,21
261,Africa,36376,2020-09-22,2020,9,22
262,Africa,36376,2020-09-23,2020,9,23
263,Africa,36376,2020-09-24,2020,9,24
264,Africa,36376,2020-09-25,2020,9,25
265,Africa,36376,2020-09-26,2020,9,26
266,Africa,37877,2020-09-27,2020,9,27
267,Africa,37877,2020-09-28,2020,9,28
268,Africa,37877,2020-09-29,2020,9,29
269,Africa,37877,2020-09-30,2020,9,30
270,Africa,37877,2020-10-01,2020,10,1
271,Africa,37877,2020-10-02,2020,10,2
272,Africa,37877,2020-10-03,2020,10,3
273,Africa,39295,2020-10-04,2020,10,4
274,Africa,39295,2020-10-05,2020,10,5
275,Africa,39295,2020-10-06,2020,10,6
276,Africa,39295,2020-10-07,2020,10,7
277,Africa,39295,2020-10-08,2020,10,8
278,Africa,39295,2020-10-09,2020,10,9
279,Africa,39295,2020-10-10,2020,10,10
280,Africa,40751,2020-10-11,2020,10,11
281,Africa,40751,2020-10-12,2020,10,12
282,Africa,40751,2020-10-13,2020,10,13
283,Africa,40751,2020-10-14,2020,10,14
284,Africa,40751,2020-10-15,2020,10,15
285,Africa,40751,2020-10-16,2020,10,16
286,Africa,40751,2020-10-17,2020,10,17
287,Africa,41755,2020-10-18,2020,10,18
288,Africa,41755,2020-10-19,2020,10,19
289,Africa,41755,2020-10-20,2020,10,20
290,Africa,41755,2020-10-21,2020,10,21
291,Africa,41755,2020-10-22,2020,10,22
292,Africa,41755,2020-10-23,2020,10,23
293,Africa,41755,2020-10-24,2020,10,24
294,Africa,43080,2020-10-25,2020,10,25
295,Africa,43080,2020-10-26,2020,10,26
296,Africa,43080,2020-10-27,2020,10,27
297,Africa,43080,2020-10-28,2020,10,28
298,Africa,43080,2020-10-29,2020,10,29
299,Africa,43080,2020-10-30,2020,10,30
300,Africa,43080,2020-10-31,2020,10,31
301,Africa,44513,2020-11-01,2020,11,1
302,Africa,44513,2020-11-02,2020,11,2
303,Africa,44513,2020-11-03,2020,11,3
304,Africa,44513,2020-11-04,2020,11,4
305,Africa,44513,2020-11-05,2020,11,5
306,Africa,44513,2020-11-06,2020,11,6
307,Africa,44513,2020-11-07,2020,11,7
308,Africa,46392,2020-11-08,2020,11,8
309,Africa,46392,2020-11-09,2020,11,9
310,Africa,46392,2020-11-10,2020,11,10
311,Africa,46392,2020-11-11,2020,11,11
312,Africa,46392,2020-11-12,2020,11,12
313,Africa,46392,2020-11-13,2020,11,13
314,Africa,46392,2020-11-14,2020,11,14
315,Africa,48076,2020-11-15,2020,11,15
316,Africa,48076,2020-11-16,2020,11,16
317,Africa,48076,2020-11-17,2020,11,17
318,Africa,48076,2020-11-18,2020,11,18
319,Africa,48076,2020-11-19,2020,11,19
320,Africa,48076,2020-11-20,2020,11,20
321,Africa,48076,2020-11-21,2020,11,21
322,Africa,49947,2020-11-22,2020,11,22
323,Africa,49947,2020-11-23,2020,11,23
324,Africa,49947,2020-11-24,2020,11,24
325,Africa,49947,2020-11-25,2020,11,25
326,Africa,49947,2020-11-26,2020,11,26
327,Africa,49947,2020-11-27,2020,11,27
328,Africa,49947,2020-11-28,2020,11,28
329,Africa,52021,2020-11-29,2020,11,29
330,Africa,52021,2020-11-30,2020,11,30
331,Africa,52021,2020-12-01,2020,12,1
332,Africa,52021,2020-12-02,2020,12,2
333,Africa,52021,2020-12-03,2020,12,3
334,Africa,52021,2020-12-04,2020,12,4
335,Africa,52021,2020-12-05,2020,12,5
336,Africa,54082,2020-12-06,2020,12,6
337,Africa,54082,2020-12-07,2020,12,7
338,Africa,54082,2020-12-08,2020,12,8
339,Africa,54082,2020-12-09,2020,12,9
340,Africa,54082,2020-12-10,2020,12,10
341,Africa,54082,2020-12-11,2020,12,11
342,Africa,54082,2020-12-12,2020,12,12
343,Africa,56495,2020-12-13,2020,12,13
344,Africa,56495,2020-12-14,2020,12,14
345,Africa,56495,2020-12-15,2020,12,15
346,Africa,56495,2020-12-16,2020,12,16
347,Africa,56495,2020-12-17,2020,12,17
348,Africa,56495,2020-12-18,2020,12,18
349,Africa,56495,2020-12-19,2020,12,19
350,Africa,59240,2020-12-20,2020,12,20
351,Africa,59240,2020-12-21,2020,12,21
352,Africa,59240,2020-12-22,2020,12,22
353,Africa,59240,2020-12-23,2020,12,23
354,Africa,59240,2020-12-24,2020,12,24
355,Africa,59240,2020-12-25,2020,12,25
356,Africa,59240,2020-12-26,2020,12,26
357,Africa,62634,2020-12-27,2020,12,27
358,Africa,62634,2020-12-28,2020,12,28
359,Africa,62634,2020-12-29,2020,12,29
360,Africa,62634,2020-12-30,2020,12,30
361,Africa,62634,2020-12-31,2020,12,31
362,Africa,62634,2021-01-01,2021,1,1
363,Africa,62634,2021-01-02,2021,1,2
364,Africa,66921,2021-01-03,2021,1,3
365,Africa,66921,2021-01-04,2021,1,4
366,Africa,66921,2021-01-05,2021,1,5
367,Africa,66921,2021-01-06,2021,1,6
368,Africa,66921,2021-01-07,2021,1,7
369,Africa,66921,2021-01-08,2021,1,8
370,Africa,66921,2021-01-09,2021,1,9
371,Africa,72444,2021-01-10,2021,1,10
372,Africa,72444,2021-01-11,2021,1,11
373,Africa,72444,2021-01-12,2021,1,12
374,Africa,72444,2021-01-13,2021,1,13
375,Africa,72444,2021-01-14,2021,1,14
376,Africa,72444,2021-01-15,2021,1,15
377,Africa,72444,2021-01-16,2021,1,16
378,Africa,78623,2021-01-17,2021,1,17
379,Africa,78623,2021-01-18,2021,1,18
380,Africa,78623,2021-01-19,2021,1,19
381,Africa,78623,2021-01-20,2021,1,20
382,Africa,78623,2021-01-21,2021,1,21
383,Africa,78623,2021-01-22,2021,1,22
384,Africa,78623,2021-01-23,2021,1,23
385,Africa,84887,2021-01-24,2021,1,24
386,Africa,84887,2021-01-25,2021,1,25
387,Africa,84887,2021-01-26,2021,1,26
388,Africa,84887,2021-01-27,2021,1,27
389,Africa,84887,2021-01-28,2021,1,28
390,Africa,84887,2021-01-29,2021,1,29
391,Africa,84887,2021-01-30,2021,1,30
392,Africa,90631,2021-01-31,2021,1,31
393,Africa,90631,2021-02-01,2021,2,1
394,Africa,90631,2021-02-02,2021,2,2
395,Africa,90631,2021-02-03,2021,2,3
396,Africa,90631,2021-02-04,2021,2,4
397,Africa,90631,2021-02-05,2021,2,5
398,Africa,90631,2021-02-06,2021,2,6
399,Africa,94916,2021-02-07,2021,2,7
400,Africa,94916,2021-02-08,2021,2,8
401,Africa,94916,2021-02-09,2021,2,9
402,Africa,94916,2021-02-10,2021,2,10
403,Africa,94916,2021-02-11,2021,2,11
404,Africa,94916,2021-02-12,2021,2,12
405,Africa,94916,2021-02-13,2021,2,13
406,Africa,98407,2021-02-14,2021,2,14
407,Africa,98407,2021-02-15,2021,2,15
408,Africa,98407,2021-02-16,2021,2,16
409,Africa,98407,2021-02-17,2021,2,17
410,Africa,98407,2021-02-18,2021,2,18
411,Africa,98407,2021-02-19,2021,2,19
412,Africa,98407,2021-02-20,2021,2,20
413,Africa,101195,2021-02-21,2021,2,21
414,Africa,101195,2021-02-22,2021,2,22
415,Africa,101195,2021-02-23,2021,2,23
416,Africa,101195,2021-02-24,2021,2,24
417,Africa,101195,2021-02-25,2021,2,25
418,Africa,101195,2021-02-26,2021,2,26
419,Africa,101195,2021-02-27,2021,2,27
420,Africa,103693,2021-02-28,2021,2,28
421,Africa,103693,2021-03-01,2021,3,1
422,Africa,103693,2021-03-02,2021,3,2
423,Africa,103693,2021-03-03,2021,3,3
424,Africa,103693,2021-03-04,2021,3,4
425,Africa,103693,2021-03-05,2021,3,5
426,Africa,103693,2021-03-06,2021,3,6
427,Africa,105845,2021-03-07,2021,3,7
428,Africa,105845,2021-03-08,2021,3,8
429,Africa,105845,2021-03-09,2021,3,9
430,Africa,105845,2021-03-10,2021,3,10
431,Africa,105845,2021-03-11,2021,3,11
432,Africa,105845,2021-03-12,2021,3,12
433,Africa,105845,2021-03-13,2021,3,13
434,Africa,107804,2021-03-14,2021,3,14
435,Africa,107804,2021-03-15,2021,3,15
436,Africa,107804,2021-03-16,2021,3,16
437,Africa,107804,2021-03-17,2021,3,17
438,Africa,107804,2021-03-18,2021,3,18
439,Africa,107804,2021-03-19,2021,3,19
440,Africa,107804,2021-03-20,2021,3,20
441,Africa,110153,2021-03-21,2021,3,21
442,Africa,110153,2021-03-22,2021,3,22
443,Africa,110153,2021-03-23,2021,3,23
444,Africa,110153,2021-03-24,2021,3,24
445,Africa,110153,2021-03-25,2021,3,25
446,Africa,110153,2021-03-26,2021,3,26
447,Africa,110153,2021-03-27,2021,3,27
448,Africa,112165,2021-03-28,2021,3,28
449,Africa,112165,2021-03-29,2021,3,29
450,Africa,112165,2021-03-30,2021,3,30
451,Africa,112165,2021-03-31,2021,3,31
452,Africa,112165,2021-04-01,2021,4,1
453,Africa,112165,2021-04-02,2021,4,2
454,Africa,112165,2021-04-03,2021,4,3
455,Africa,113976,2021-04-04,2021,4,4
456,Africa,113976,2021-04-05,2021,4,5
457,Africa,113976,2021-04-06,2021,4,6
458,Africa,113976,2021-04-07,2021,4,7
459,Africa,113976,2021-04-08,2021,4,8
460,Africa,113976,2021-04-09,2021,4,9
461,Africa,113976,2021-04-10,2021,4,10
462,Africa,115893,2021-04-11,2021,4,11
463,Africa,115893,2021-04-12,2021,4,12
464,Africa,115893,2021-04-13,2021,4,13
465,Africa,115893,2021-04-14,2021,4,14
466,Africa,115893,2021-04-15,2021,4,15
467,Africa,115893,2021-04-16,2021,4,16
468,Africa,115893,2021-04-17,2021,4,17
469,Africa,118098,2021-04-18,2021,4,18
470,Africa,118098,2021-04-19,2021,4,19
471,Africa,118098,2021-04-20,2021,4,20
472,Africa,118098,2021-04-21,2021,4,21
473,Africa,118098,2021-04-22,2021,4,22
474,Africa,118098,2021-04-23,2021,4,23
475,Africa,118098,2021-04-24,2021,4,24
476,Africa,120287,2021-04-25,2021,4,25
477,Africa,120287,2021-04-26,2021,4,26
478,Africa,120287,2021-04-27,2021,4,27
479,Africa,120287,2021-04-28,2021,4,28
480,Africa,120287,2021-04-29,2021,4,29
481,Africa,120287,2021-04-30,2021,4,30
482,Africa,120287,2021-05-01,2021,5,1
483,Africa,122490,2021-05-02,2021,5,2
484,Africa,122490,2021-05-03,2021,5,3
485,Africa,122490,2021-05-04,2021,5,4
486,Africa,122490,2021-05-05,2021,5,5
487,Africa,122490,2021-05-06,2021,5,6
488,Africa,122490,2021-05-07,2021,5,7
489,Africa,122490,2021-05-08,2021,5,8
490,Africa,124612,2021-05-09,2021,5,9
491,Africa,124612,2021-05-10,2021,5,10
492,Africa,124612,2021-05-11,2021,5,11
493,Africa,124612,2021-05-12,2021,5,12
494,Africa,124612,2021-05-13,2021,5,13
495,Africa,124612,2021-05-14,2021,5,14
496,Africa,124612,2021-05-15,2021,5,15
497,Africa,126557,2021-05-16,2021,5,16
498,Africa,126557,2021-05-17,2021,5,17
499,Africa,126557,2021-05-18,2021,5,18
500,Africa,126557,2021-05-19,2021,5,19
501,Africa,126557,2021-05-20,2021,5,20
502,Africa,126557,2021-05-21,2021,5,21
503,Africa,126557,2021-05-22,2021,5,22
504,Africa,128650,2021-05-23,2021,5,23
505,Africa,128650,2021-05-24,2021,5,24
506,Africa,128650,2021-05-25,2021,5,25
507,Africa,128650,2021-05-26,2021,5,26
508,Africa,128650,2021-05-27,2021,5,27
509,Africa,128650,2021-05-28,2021,5,28
510,Africa,128650,2021-05-29,2021,5,29
511,Africa,130531,2021-05-30,2021,5,30
512,Africa,130531,2021-05-31,2021,5,31
513,Africa,130531,2021-06-01,2021,6,1
514,Africa,130531,2021-06-02,2021,6,2
515,Africa,130531,2021-06-03,2021,6,3
516,Africa,130531,2021-06-04,2021,6,4
517,Africa,130531,2021-06-05,2021,6,5
518,Africa,132548,2021-06-06,2021,6,6
519,Africa,132548,2021-06-07,2021,6,7
520,Africa,132548,2021-06-08,2021,6,8
521,Africa,132548,2021-06-09,2021,6,9
522,Africa,132548,2021-06-10,2021,6,10
523,Africa,132548,2021-06-11,2021,6,11
524,Africa,132548,2021-06-12,2021,6,12
525,Africa,134791,2021-06-13,2021,6,13
526,Africa,134791,2021-06-14,2021,6,14
527,Africa,134791,2021-06-15,2021,6,15
528,Africa,134791,2021-06-16,2021,6,16
529,Africa,134791,2021-06-17,2021,6,17
530,Africa,134791,2021-06-18,2021,6,18
531,Africa,134791,2021-06-19,2021,6,19
532,Africa,137749,2021-06-20,2021,6,20
533,Africa,137749,2021-06-21,2021,6,21
534,Africa,137749,2021-06-22,2021,6,22
535,Africa,137749,2021-06-23,2021,6,23
536,Africa,137749,2021-06-24,2021,6,24
537,Africa,137749,2021-06-25,2021,6,25
538,Africa,137749,2021-06-26,2021,6,26
539,Africa,141345,2021-06-27,2021,6,27
540,Africa,141345,2021-06-28,2021,6,28
541,Africa,141345,2021-06-29,2021,6,29
542,Africa,141345,2021-06-30,2021,6,30
543,Africa,141345,2021-07-01,2021,7,1
544,Africa,141345,2021-07-02,2021,7,2
545,Africa,141345,2021-07-03,2021,7,3
546,Africa,146331,2021-07-04,2021,7,4
547,Africa,146331,2021-07-05,2021,7,5
548,Africa,146331,2021-07-06,2021,7,6
549,Africa,146331,2021-07-07,2021,7,7
550,Africa,146331,2021-07-08,2021,7,8
551,Africa,146331,2021-07-09,2021,7,9
552,Africa,146331,2021-07-10,2021,7,10
553,Africa,151914,2021-07-11,2021,7,11
554,Africa,151914,2021-07-12,2021,7,12
555,Africa,151914,2021-07-13,2021,7,13
556,Africa,151914,2021-07-14,2021,7,14
557,Africa,151914,2021-07-15,2021,7,15
558,Africa,151914,2021-07-16,2021,7,16
559,Africa,151914,2021-07-17,2021,7,17
560,Africa,158061,2021-07-18,2021,7,18
561,Africa,158061,2021-07-19,2021,7,19
562,Africa,158061,2021-07-20,2021,7,20
563,Africa,158061,2021-07-21,2021,7,21
564,Africa,158061,2021-07-22,2021,7,22
565,Africa,158061,2021-07-23,2021,7,23
566,Africa,158061,2021-07-24,2021,7,24
567,Africa,164544,2021-07-25,2021,7,25
568,Africa,164544,2021-07-26,2021,7,26
569,Africa,164544,2021-07-27,2021,7,27
570,Africa,164544,2021-07-28,2021,7,28
571,Africa,164544,2021-07-29,2021,7,29
572,Africa,164544,2021-07-30,2021,7,30
573,Africa,164544,2021-07-31,2021,7,31
574,Africa,171020,2021-08-01,2021,8,1
575,Africa,171020,2021-08-02,2021,8,2
576,Africa,171020,2021-08-03,2021,8,3
577,Africa,171020,2021-08-04,2021,8,4
578,Africa,171020,2021-08-05,2021,8,5
579,Africa,171020,2021-08-06,2021,8,6
580,Africa,171020,2021-08-07,2021,8,7
581,Africa,178123,2021-08-08,2021,8,8
582,Africa,178123,2021-08-09,2021,8,9
583,Africa,178123,2021-08-10,2021,8,10
584,Africa,178123,2021-08-11,2021,8,11
585,Africa,178123,2021-08-12,2021,8,12
586,Africa,178123,2021-08-13,2021,8,13
587,Africa,178123,2021-08-14,2021,8,14
588,Africa,184269,2021-08-15,2021,8,15
589,Africa,184269,2021-08-16,2021,8,16
590,Africa,184269,2021-08-17,2021,8,17
591,Africa,184269,2021-08-18,2021,8,18
592,Africa,184269,2021-08-19,2021,8,19
593,Africa,184269,2021-08-20,2021,8,20
594,Africa,184269,2021-08-21,2021,8,21
595,Africa,189950,2021-08-22,2021,8,22
596,Africa,189950,2021-08-23,2021,8,23
597,Africa,189950,2021-08-24,2021,8,24
598,Africa,189950,2021-08-25,2021,8,25
599,Africa,189950,2021-08-26,2021,8,26
600,Africa,189950,2021-08-27,2021,8,27
601,Africa,189950,2021-08-28,2021,8,28
602,Africa,195578,2021-08-29,2021,8,29
603,Africa,195578,2021-08-30,2021,8,30
604,Africa,195578,2021-08-31,2021,8,31
605,Africa,195578,2021-09-01,2021,9,1
606,Africa,195578,2021-09-02,2021,9,2
607,Africa,195578,2021-09-03,2021,9,3
608,Africa,195578,2021-09-04,2021,9,4
609,Africa,200226,2021-09-05,2021,9,5
610,Africa,200226,2021-09-06,2021,9,6
611,Africa,200226,2021-09-07,2021,9,7
612,Africa,200226,2021-09-08,2021,9,8
613,Africa,200226,2021-09-09,2021,9,9
614,Africa,200226,2021-09-10,2021,9,10
615,Africa,200226,2021-09-11,2021,9,11
616,Africa,203895,2021-09-12,2021,9,12
617,Africa,203895,2021-09-13,2021,9,13
618,Africa,203895,2021-09-14,2021,9,14
619,Africa,203895,2021-09-15,2021,9,15
620,Africa,203895,2021-09-16,2021,9,16
621,Africa,203895,2021-09-17,2021,9,17
622,Africa,203895,2021-09-18,2021,9,18
623,Africa,207198,2021-09-19,2021,9,19
624,Africa,207198,2021-09-20,2021,9,20
625,Africa,207198,2021-09-21,2021,9,21
626,Africa,207198,2021-09-22,2021,9,22
627,Africa,207198,2021-09-23,2021,9,23
628,Africa,207198,2021-09-24,2021,9,24
629,Africa,207198,2021-09-25,2021,9,25
630,Africa,209996,2021-09-26,2021,9,26
631,Africa,209996,2021-09-27,2021,9,27
632,Africa,209996,2021-09-28,2021,9,28
633,Africa,209996,2021-09-29,2021,9,29
634,Africa,209996,2021-09-30,2021,9,30
635,Africa,209996,2021-10-01,2021,10,1
636,Africa,209996,2021-10-02,2021,10,2
637,Africa,212408,2021-10-03,2021,10,3
638,Africa,212408,2021-10-04,2021,10,4
639,Africa,212408,2021-10-05,2021,10,5
640,Africa,212408,2021-10-06,2021,10,6
641,Africa,212408,2021-10-07,2021,10,7
642,Africa,212408,2021-10-08,2021,10,8
643,Africa,212408,2021-10-09,2021,10,9
644,Africa,214327,2021-10-10,2021,10,10
645,Africa,214327,2021-10-11,2021,10,11
646,Africa,214327,2021-10-12,2021,10,12
647,Africa,214327,2021-10-13,2021,10,13
648,Africa,214327,2021-10-14,2021,10,14
649,Africa,214327,2021-10-15,2021,10,15
650,Africa,214327,2021-10-16,2021,10,16
651,Africa,215857,2021-10-17,2021,10,17
652,Africa,215857,2021-10-18,2021,10,18
653,Africa,215857,2021-10-19,2021,10,19
654,Africa,215857,2021-10-20,2021,10,20
655,Africa,215857,2021-10-21,2021,10,21
656,Africa,215857,2021-10-22,2021,10,22
657,Africa,215857,2021-10-23,2021,10,23
658,Africa,217351,2021-10-24,2021,10,24
659,Africa,217351,2021-10-25,2021,10,25
660,Africa,217351,2021-10-26,2021,10,26
661,Africa,217351,2021-10-27,2021,10,27
662,Africa,217351,2021-10-28,2021,10,28
663,Africa,217351,2021-10-29,2021,10,29
664,Africa,217351,2021-10-30,2021,10,30
665,Africa,218682,2021-10-31,2021,10,31
666,Africa,218682,2021-11-01,2021,11,1
667,Africa,218682,2021-11-02,2021,11,2
668,Africa,218682,2021-11-03,2021,11,3
669,Africa,218682,2021-11-04,2021,11,4
670,Africa,218682,2021-11-05,2021,11,5
671,Africa,218682,2021-11-06,2021,11,6
672,Africa,219921,2021-11-07,2021,11,7
673,Africa,219921,2021-11-08,2021,11,8
674,Africa,219921,2021-11-09,2021,11,9
675,Africa,219921,2021-11-10,2021,11,10
676,Africa,219921,2021-11-11,2021,11,11
677,Africa,219921,2021-11-12,2021,11,12
678,Africa,219921,2021-11-13,2021,11,13
679,Africa,221096,2021-11-14,2021,11,14
680,Africa,221096,2021-11-15,2021,11,15
681,Africa,221096,2021-11-16,2021,11,16
682,Africa,221096,2021-11-17,2021,11,17
683,Africa,221096,2021-11-18,2021,11,18
684,Africa,221096,2021-11-19,2021,11,19
685,Africa,221096,2021-11-20,2021,11,20
686,Africa,222194,2021-11-21,2021,11,21
687,Africa,222194,2021-11-22,2021,11,22
688,Africa,222194,2021-11-23,2021,11,23
689,Africa,222194,2021-11-24,2021,11,24
690,Africa,222194,2021-11-25,2021,11,25
691,Africa,222194,2021-11-26,2021,11,26
692,Africa,222194,2021-11-27,2021,11,27
693,Africa,223336,2021-11-28,2021,11,28
694,Africa,223336,2021-11-29,2021,11,29
695,Africa,223336,2021-11-30,2021,11,30
696,Africa,223336,2021-12-01,2021,12,1
697,Africa,223336,2021-12-02,2021,12,2
698,Africa,223336,2021-12-03,2021,12,3
699,Africa,223336,2021-12-04,2021,12,4
700,Africa,224405,2021-12-05,2021,12,5
701,Africa,224405,2021-12-06,2021,12,6
702,Africa,224405,2021-12-07,2021,12,7
703,Africa,224405,2021-12-08,2021,12,8
704,Africa,224405,2021-12-09,2021,12,9
705,Africa,224405,2021-12-10,2021,12,10
706,Africa,224405,2021-12-11,2021,12,11
707,Africa,225359,2021-12-12,2021,12,12
708,Africa,225359,2021-12-13,2021,12,13
709,Africa,225359,2021-12-14,2021,12,14
710,Africa,225359,2021-12-15,2021,12,15
711,Africa,225359,2021-12-16,2021,12,16
712,Africa,225359,2021-12-17,2021,12,17
713,Africa,225359,2021-12-18,2021,12,18
714,Africa,226361,2021-12-19,2021,12,19
715,Africa,226361,2021-12-20,2021,12,20
716,Africa,226361,2021-12-21,2021,12,21
717,Africa,226361,2021-12-22,2021,12,22
718,Africa,226361,2021-12-23,2021,12,23
719,Africa,226361,2021-12-24,2021,12,24
720,Africa,226361,2021-12-25,2021,12,25
721,Africa,227755,2021-12-26,2021,12,26
722,Africa,227755,2021-12-27,2021,12,27
723,Africa,227755,2021-12-28,2021,12,28
724,Africa,227755,2021-12-29,2021,12,29
725,Africa,227755,2021-12-30,2021,12,30
726,Africa,227755,2021-12-31,2021,12,31
727,Africa,227755,2022-01-01,2022,1,1
728,Africa,229329,2022-01-02,2022,1,2
729,Africa,229329,2022-01-03,2022,1,3
730,Africa,229329,2022-01-04,2022,1,4
731,Africa,229329,2022-01-05,2022,1,5
732,Africa,229329,2022-01-06,2022,1,6
733,Africa,229329,2022-01-07,2022,1,7
734,Africa,229329,2022-01-08,2022,1,8
735,Africa,231861,2022-01-09,2022,1,9
736,Africa,231861,2022-01-10,2022,1,10
737,Africa,231861,2022-01-11,2022,1,11
738,Africa,231861,2022-01-12,2022,1,12
739,Africa,231861,2022-01-13,2022,1,13
740,Africa,231861,2022-01-14,2022,1,14
741,Africa,231861,2022-01-15,2022,1,15
742,Africa,234344,2022-01-16,2022,1,16
743,Africa,234344,2022-01-17,2022,1,17
744,Africa,234344,2022-01-18,2022,1,18
745,Africa,234344,2022-01-19,2022,1,19
746,Africa,234344,2022-01-20,2022,1,20
747,Africa,234344,2022-01-21,2022,1,21
748,Africa,234344,2022-01-22,2022,1,22
749,Africa,236782,2022-01-23,2022,1,23
750,Africa,236782,2022-01-24,2022,1,24
751,Africa,236782,2022-01-25,2022,1,25
752,Africa,236782,2022-01-26,2022,1,26
753,Africa,236782,2022-01-27,2022,1,27
754,Africa,236782,2022-01-28,2022,1,28
755,Africa,236782,2022-01-29,2022,1,29
756,Africa,239192,2022-01-30,2022,1,30
757,Africa,239192,2022-01-31,2022,1,31
758,Africa,239192,2022-02-01,2022,2,1
759,Africa,239192,2022-02-02,2022,2,2
760,Africa,239192,2022-02-03,2022,2,3
761,Africa,239192,2022-02-04,2022,2,4
762,Africa,239192,2022-02-05,2022,2,5
763,Africa,241801,2022-02-06,2022,2,6
764,Africa,241801,2022-02-07,2022,2,7
765,Africa,241801,2022-02-08,2022,2,8
766,Africa,241801,2022-02-09,2022,2,9
767,Africa,241801,2022-02-10,2022,2,10
768,Africa,241801,2022-02-11,2022,2,11
769,Africa,241801,2022-02-12,2022,2,12
770,Africa,244689,2022-02-13,2022,2,13
771,Africa,244689,2022-02-14,2022,2,14
772,Africa,244689,2022-02-15,2022,2,15
773,Africa,244689,2022-02-16,2022,2,16
774,Africa,244689,2022-02-17,2022,2,17
775,Africa,244689,2022-02-18,2022,2,18
776,Africa,244689,2022-02-19,2022,2,19
777,Africa,247665,2022-02-20,2022,2,20
778,Africa,247665,2022-02-21,2022,2,21
779,Africa,247665,2022-02-22,2022,2,22
780,Africa,247665,2022-02-23,2022,2,23
781,Africa,247665,2022-02-24,2022,2,24
782,Africa,247665,2022-02-25,2022,2,25
783,Africa,247665,2022-02-26,2022,2,26
784,Africa,249264,2022-02-27,2022,2,27
785,Africa,249264,2022-02-28,2022,2,28
786,Africa,249264,2022-03-01,2022,3,1
787,Africa,249264,2022-03-02,2022,3,2
788,Africa,249264,2022-03-03,2022,3,3
789,Africa,249264,2022-03-04,2022,3,4
790,Africa,249264,2022-03-05,2022,3,5
791,Africa,251179,2022-03-06,2022,3,6
792,Africa,251179,2022-03-07,2022,3,7
793,Africa,251179,2022-03-08,2022,3,8
794,Africa,251179,2022-03-09,2022,3,9
795,Africa,251179,2022-03-10,2022,3,10
796,Africa,251179,2022-03-11,2022,3,11
797,Africa,251179,2022-03-12,2022,3,12
798,Africa,251769,2022-03-13,2022,3,13
799,Africa,251769,2022-03-14,2022,3,14
800,Africa,251769,2022-03-15,2022,3,15
801,Africa,251769,2022-03-16,2022,3,16
802,Africa,251769,2022-03-17,2022,3,17
803,Africa,251769,2022-03-18,2022,3,18
804,Africa,251769,2022-03-19,2022,3,19
805,Africa,252184,2022-03-20,2022,3,20
806,Africa,252184,2022-03-21,2022,3,21
807,Africa,252184,2022-03-22,2022,3,22
808,Africa,252184,2022-03-23,2022,3,23
809,Africa,252184,2022-03-24,2022,3,24
810,Africa,252184,2022-03-25,2022,3,25
811,Africa,252184,2022-03-26,2022,3,26
812,Africa,252549,2022-03-27,2022,3,27
813,Africa,252549,2022-03-28,2022,3,28
814,Africa,252549,2022-03-29,2022,3,29
815,Africa,252549,2022-03-30,2022,3,30
816,Africa,252549,2022-03-31,2022,3,31
817,Africa,252549,2022-04-01,2022,4,1
818,Africa,252549,2022-04-02,2022,4,2
819,Africa,252919,2022-04-03,2022,4,3
820,Africa,252919,2022-04-04,2022,4,4
821,Africa,252919,2022-04-05,2022,4,5
822,Africa,252919,2022-04-06,2022,4,6
823,Africa,252919,2022-04-07,2022,4,7
824,Africa,252919,2022-04-08,2022,4,8
825,Africa,252919,2022-04-09,2022,4,9
826,Africa,253206,2022-04-10,2022,4,10
827,Africa,253206,2022-04-11,2022,4,11
828,Africa,253206,2022-04-12,2022,4,12
829,Africa,253206,2022-04-13,2022,4,13
830,Africa,253206,2022-04-14,2022,4,14
831,Africa,253206,2022-04-15,2022,4,15
832,Africa,253206,2022-04-16,2022,4,16
833,Africa,253422,2022-04-17,2022,4,17
834,Africa,253422,2022-04-18,2022,4,18
835,Africa,253422,2022-04-19,2022,4,19
836,Africa,253422,2022-04-20,2022,4,20
837,Africa,253422,2022-04-21,2022,4,21
838,Africa,253422,2022-04-22,2022,4,22
839,Africa,253422,2022-04-23,2022,4,23
840,Africa,253684,2022-04-24,2022,4,24
841,Africa,253684,2022-04-25,2022,4,25
842,Africa,253684,2022-04-26,2022,4,26
843,Africa,253684,2022-04-27,2022,4,27
844,Africa,253684,2022-04-28,2022,4,28
845,Africa,253684,2022-04-29,2022,4,29
846,Africa,253684,2022-04-30,2022,4,30
847,Africa,253835,2022-05-01,2022,5,1
848,Africa,253835,2022-05-02,2022,5,2
849,Africa,253835,2022-05-03,2022,5,3
850,Africa,253835,2022-05-04,2022,5,4
851,Africa,253835,2022-05-05,2022,5,5
852,Africa,253835,2022-05-06,2022,5,6
853,Africa,253835,2022-05-07,2022,5,7
854,Africa,254099,2022-05-08,2022,5,8
855,Africa,254099,2022-05-09,2022,5,9
856,Africa,254099,2022-05-10,2022,5,10
857,Africa,254099,2022-05-11,2022,5,11
858,Africa,254099,2022-05-12,2022,5,12
859,Africa,254099,2022-05-13,2022,5,13
860,Africa,254099,2022-05-14,2022,5,14
861,Africa,254449,2022-05-15,2022,5,15
862,Africa,254449,2022-05-16,2022,5,16
863,Africa,254449,2022-05-17,2022,5,17
864,Africa,254449,2022-05-18,2022,5,18
865,Africa,254449,2022-05-19,2022,5,19
866,Africa,254449,2022-05-20,2022,5,20
867,Africa,254449,2022-05-21,2022,5,21
868,Africa,254682,2022-05-22,2022,5,22
869,Africa,254682,2022-05-23,2022,5,23
870,Africa,254682,2022-05-24,2022,5,24
871,Africa,254682,2022-05-25,2022,5,25
872,Africa,254682,2022-05-26,2022,5,26
873,Africa,254682,2022-05-27,2022,5,27
874,Africa,254682,2022-05-28,2022,5,28
875,Africa,254943,2022-05-29,2022,5,29
876,Africa,254943,2022-05-30,2022,5,30
877,Africa,254943,2022-05-31,2022,5,31
878,Africa,254943,2022-06-01,2022,6,1
879,Africa,254943,2022-06-02,2022,6,2
880,Africa,254943,2022-06-03,2022,6,3
881,Africa,254943,2022-06-04,2022,6,4
882,Africa,255189,2022-06-05,2022,6,5
883,Africa,255189,2022-06-06,2022,6,6
884,Africa,255189,2022-06-07,2022,6,7
885,Africa,255189,2022-06-08,2022,6,8
886,Africa,255189,2022-06-09,2022,6,9
887,Africa,255189,2022-06-10,2022,6,10
888,Africa,255189,2022-06-11,2022,6,11
889,Africa,255419,2022-06-12,2022,6,12
890,Africa,255419,2022-06-13,2022,6,13
891,Africa,255419,2022-06-14,2022,6,14
892,Africa,255419,2022-06-15,2022,6,15
893,Africa,255419,2022-06-16,2022,6,16
894,Africa,255419,2022-06-17,2022,6,17
895,Africa,255419,2022-06-18,2022,6,18
896,Africa,255667,2022-06-19,2022,6,19
897,Africa,255667,2022-06-20,2022,6,20
898,Africa,255667,2022-06-21,2022,6,21
899,Africa,255667,2022-06-22,2022,6,22
900,Africa,255667,2022-06-23,2022,6,23
901,Africa,255667,2022-06-24,2022,6,24
902,Africa,255667,2022-06-25,2022,6,25
903,Africa,255917,2022-06-26,2022,6,26
904,Africa,255917,2022-06-27,2022,6,27
905,Africa,255917,2022-06-28,2022,6,28
906,Africa,255917,2022-06-29,2022,6,29
907,Africa,255917,2022-06-30,2022,6,30
908,Africa,255917,2022-07-01,2022,7,1
909,Africa,255917,2022-07-02,2022,7,2
910,Africa,256094,2022-07-03,2022,7,3
911,Africa,256094,2022-07-04,2022,7,4
912,Africa,256094,2022-07-05,2022,7,5
913,Africa,256094,2022-07-06,2022,7,6
914,Africa,256094,2022-07-07,2022,7,7
915,Africa,256094,2022-07-08,2022,7,8
916,Africa,256094,2022-07-09,2022,7,9
917,Africa,256342,2022-07-10,2022,7,10
918,Africa,256342,2022-07-11,2022,7,11
919,Africa,256342,2022-07-12,2022,7,12
920,Africa,256342,2022-07-13,2022,7,13
921,Africa,256342,2022-07-14,2022,7,14
922,Africa,256342,2022-07-15,2022,7,15
923,Africa,256342,2022-07-16,2022,7,16
924,Africa,256574,2022-07-17,2022,7,17
925,Africa,256574,2022-07-18,2022,7,18
926,Africa,256574,2022-07-19,2022,7,19
927,Africa,256574,2022-07-20,2022,7,20
928,Africa,256574,2022-07-21,2022,7,21
929,Africa,256574,2022-07-22,2022,7,22
930,Africa,256574,2022-07-23,2022,7,23
931,Africa,256826,2022-07-24,2022,7,24
932,Africa,256826,2022-07-25,2022,7,25
933,Africa,256826,2022-07-26,2022,7,26
934,Africa,256826,2022-07-27,2022,7,27
935,Africa,256826,2022-07-28,2022,7,28
936,Africa,256826,2022-07-29,2022,7,29
937,Africa,256826,2022-07-30,2022,7,30
938,Africa,257054,2022-07-31,2022,7,31
939,Africa,257054,2022-08-01,2022,8,1
940,Africa,257054,2022-08-02,2022,8,2
941,Africa,257054,2022-08-03,2022,8,3
942,Africa,257054,2022-08-04,2022,8,4
943,Africa,257054,2022-08-05,2022,8,5
944,Africa,257054,2022-08-06,2022,8,6
945,Africa,257191,2022-08-07,2022,8,7
946,Africa,257191,2022-08-08,2022,8,8
947,Africa,257191,2022-08-09,2022,8,9
948,Africa,257191,2022-08-10,2022,8,10
949,Africa,257191,2022-08-11,2022,8,11
950,Africa,257191,2022-08-12,2022,8,12
951,Africa,257191,2022-08-13,2022,8,13
952,Africa,257297,2022-08-14,2022,8,14
953,Africa,257297,2022-08-15,2022,8,15
954,Africa,257297,2022-08-16,2022,8,16
955,Africa,257297,2022-08-17,2022,8,17
956,Africa,257297,2022-08-18,2022,8,18
957,Africa,257297,2022-08-19,2022,8,19
958,Africa,257297,2022-08-20,2022,8,20
959,Africa,257467,2022-08-21,2022,8,21
960,Africa,257467,2022-08-22,2022,8,22
961,Africa,257467,2022-08-23,2022,8,23
962,Africa,257467,2022-08-24,2022,8,24
963,Africa,257467,2022-08-25,2022,8,25
964,Africa,257467,2022-08-26,2022,8,26
965,Africa,257467,2022-08-27,2022,8,27
966,Africa,257554,2022-08-28,2022,8,28
967,Africa,257554,2022-08-29,2022,8,29
968,Africa,257554,2022-08-30,2022,8,30
969,Africa,257554,2022-08-31,2022,8,31
970,Africa,257554,2022-09-01,2022,9,1
971,Africa,257554,2022-09-02,2022,9,2
972,Africa,257554,2022-09-03,2022,9,3
973,Africa,257621,2022-09-04,2022,9,4
974,Africa,257621,2022-09-05,2022,9,5
975,Africa,257621,2022-09-06,2022,9,6
976,Africa,257621,2022-09-07,2022,9,7
977,Africa,257621,2022-09-08,2022,9,8
978,Africa,257621,2022-09-09,2022,9,9
979,Africa,257621,2022-09-10,2022,9,10
980,Africa,257694,2022-09-11,2022,9,11
981,Africa,257694,2022-09-12,2022,9,12
982,Africa,257694,2022-09-13,2022,9,13
983,Africa,257694,2022-09-14,2022,9,14
984,Africa,257694,2022-09-15,2022,9,15
985,Africa,257694,2022-09-16,2022,9,16
986,Africa,257694,2022-09-17,2022,9,17
987,Africa,257762,2022-09-18,2022,9,18
988,Africa,257762,2022-09-19,2022,9,19
989,Africa,257762,2022-09-20,2022,9,20
990,Africa,257762,2022-09-21,2022,9,21
991,Africa,257762,2022-09-22,2022,9,22
992,Africa,257762,2022-09-23,2022,9,23
993,Africa,257762,2022-09-24,2022,9,24
994,Africa,257805,2022-09-25,2022,9,25
995,Africa,257805,2022-09-26,2022,9,26
996,Africa,257805,2022-09-27,2022,9,27
997,Africa,257805,2022-09-28,2022,9,28
998,Africa,257805,2022-09-29,2022,9,29
999,Africa,257805,2022-09-30,2022,9,30
1000,Africa,257805,2022-10-01,2022,10,1
1001,Africa,257846,2022-10-02,2022,10,2
1002,Africa,257846,2022-10-03,2022,10,3
1003,Africa,257846,2022-10-04,2022,10,4
1004,Africa,257846,2022-10-05,2022,10,5
1005,Africa,257846,2022-10-06,2022,10,6
1006,Africa,257846,2022-10-07,2022,10,7
1007,Africa,257846,2022-10-08,2022,10,8
1008,Africa,257880,2022-10-09,2022,10,9
1009,Africa,257880,2022-10-10,2022,10,10
1010,Africa,257880,2022-10-11,2022,10,11
1011,Africa,257880,2022-10-12,2022,10,12
1012,Africa,257880,2022-10-13,2022,10,13
1013,Africa,257880,2022-10-14,2022,10,14
1014,Africa,257880,2022-10-15,2022,10,15
1015,Africa,257943,2022-10-16,2022,10,16
1016,Africa,257943,2022-10-17,2022,10,17
1017,Africa,257943,2022-10-18,2022,10,18
1018,Africa,257943,2022-10-19,2022,10,19
1019,Africa,257943,2022-10-20,2022,10,20
1020,Africa,257943,2022-10-21,2022,10,21
1021,Africa,257943,2022-10-22,2022,10,22
1022,Africa,257977,2022-10-23,2022,10,23
1023,Africa,257977,2022-10-24,2022,10,24
1024,Africa,257977,2022-10-25,2022,10,25
1025,Africa,257977,2022-10-26,2022,10,26
1026,Africa,257977,2022-10-27,2022,10,27
1027,Africa,257977,2022-10-28,2022,10,28
1028,Africa,257977,2022-10-29,2022,10,29
1029,Africa,258043,2022-10-30,2022,10,30
1030,Africa,258043,2022-10-31,2022,10,31
1031,Africa,258043,2022-11-01,2022,11,1
1032,Africa,258043,2022-11-02,2022,11,2
1033,Africa,258043,2022-11-03,2022,11,3
1034,Africa,258043,2022-11-04,2022,11,4
1035,Africa,258043,2022-11-05,2022,11,5
1036,Africa,258111,2022-11-06,2022,11,6
1037,Africa,258111,2022-11-07,2022,11,7
1038,Africa,258111,2022-11-08,2022,11,8
1039,Africa,258111,2022-11-09,2022,11,9
1040,Africa,258111,2022-11-10,2022,11,10
1041,Africa,258111,2022-11-11,2022,11,11
1042,Africa,258111,2022-11-12,2022,11,12
1043,Africa,258140,2022-11-13,2022,11,13
1044,Africa,258140,2022-11-14,2022,11,14
1045,Africa,258140,2022-11-15,2022,11,15
1046,Africa,258140,2022-11-16,2022,11,16
1047,Africa,258140,2022-11-17,2022,11,17
1048,Africa,258140,2022-11-18,2022,11,18
1049,Africa,258140,2022-11-19,2022,11,19
1050,Africa,258194,2022-11-20,2022,11,20
1051,Africa,258194,2022-11-21,2022,11,21
1052,Africa,258194,2022-11-22,2022,11,22
1053,Africa,258194,2022-11-23,2022,11,23
1054,Africa,258194,2022-11-24,2022,11,24
1055,Africa,258194,2022-11-25,2022,11,25
1056,Africa,258194,2022-11-26,2022,11,26
1057,Africa,258251,2022-11-27,2022,11,27
1058,Africa,258251,2022-11-28,2022,11,28
1059,Africa,258251,2022-11-29,2022,11,29
1060,Africa,258251,2022-11-30,2022,11,30
1061,Africa,258251,2022-12-01,2022,12,1
1062,Africa,258251,2022-12-02,2022,12,2
1063,Africa,258251,2022-12-03,2022,12,3
1064,Africa,258302,2022-12-04,2022,12,4
1065,Africa,258302,2022-12-05,2022,12,5
1066,Africa,258302,2022-12-06,2022,12,6
1067,Africa,258302,2022-12-07,2022,12,7
1068,Africa,258302,2022-12-08,2022,12,8
1069,Africa,258302,2022-12-09,2022,12,9
1070,Africa,258302,2022-12-10,2022,12,10
1071,Africa,258414,2022-12-11,2022,12,11
1072,Africa,258414,2022-12-12,2022,12,12
1073,Africa,258414,2022-12-13,2022,12,13
1074,Africa,258414,2022-12-14,2022,12,14
1075,Africa,258414,2022-12-15,2022,12,15
1076,Africa,258414,2022-12-16,2022,12,16
1077,Africa,258414,2022-12-17,2022,12,17
1078,Africa,258454,2022-12-18,2022,12,18
1079,Africa,258454,2022-12-19,2022,12,19
1080,Africa,258454,2022-12-20,2022,12,20
1081,Africa,258454,2022-12-21,2022,12,21
1082,Africa,258454,2022-12-22,2022,12,22
1083,Africa,258454,2022-12-23,2022,12,23
1084,Africa,258454,2022-12-24,2022,12,24
1085,Africa,258487,2022-12-25,2022,12,25
1086,Africa,258487,2022-12-26,2022,12,26
1087,Africa,258487,2022-12-27,2022,12,27
1088,Africa,258487,2022-12-28,2022,12,28
1089,Africa,258487,2022-12-29,2022,12,29
1090,Africa,258487,2022-12-30,2022,12,30
1091,Africa,258487,2022-12-31,2022,12,31
1092,Africa,258511,2023-01-01,2023,1,1
1093,Africa,258511,2023-01-02,2023,1,2
1094,Africa,258511,2023-01-03,2023,1,3
1095,Africa,258511,2023-01-04,2023,1,4
1096,Africa,258511,2023-01-05,2023,1,5
1097,Africa,258511,2023-01-06,2023,1,6
1098,Africa,258511,2023-01-07,2023,1,7
1099,Africa,258529,2023-01-08,2023,1,8
1100,Africa,258529,2023-01-09,2023,1,9
1101,Africa,258529,2023-01-10,2023,1,10
1102,Africa,258529,2023-01-11,2023,1,11
1103,Africa,258529,2023-01-12,2023,1,12
1104,Africa,258529,2023-01-13,2023,1,13
1105,Africa,258529,2023-01-14,2023,1,14
1106,Africa,258557,2023-01-15,2023,1,15
1107,Africa,258557,2023-01-16,2023,1,16
1108,Africa,258557,2023-01-17,2023,1,17
1109,Africa,258557,2023-01-18,2023,1,18
1110,Africa,258557,2023-01-19,2023,1,19
1111,Africa,258557,2023-01-20,2023,1,20
1112,Africa,258557,2023-01-21,2023,1,21
1113,Africa,258618,2023-01-22,2023,1,22
1114,Africa,258618,2023-01-23,2023,1,23
1115,Africa,258618,2023-01-24,2023,1,24
1116,Africa,258618,2023-01-25,2023,1,25
1117,Africa,258618,2023-01-26,2023,1,26
1118,Africa,258618,2023-01-27,2023,1,27
1119,Africa,258618,2023-01-28,2023,1,28
1120,Africa,258650,2023-01-29,2023,1,29
1121,Africa,258650,2023-01-30,2023,1,30
1122,Africa,258650,2023-01-31,2023,1,31
1123,Africa,258650,2023-02-01,2023,2,1
1124,Africa,258650,2023-02-02,2023,2,2
1125,Africa,258650,2023-02-03,2023,2,3
1126,Africa,258650,2023-02-04,2023,2,4
1127,Africa,258681,2023-02-05,2023,2,5
1128,Africa,258681,2023-02-06,2023,2,6
1129,Africa,258681,2023-02-07,2023,2,7
1130,Africa,258681,2023-02-08,2023,2,8
1131,Africa,258681,2023-02-09,2023,2,9
1132,Africa,258681,2023-02-10,2023,2,10
1133,Africa,258681,2023-02-11,2023,2,11
1134,Africa,258701,2023-02-12,2023,2,12
1135,Africa,258701,2023-02-13,2023,2,13
1136,Africa,258701,2023-02-14,2023,2,14
1137,Africa,258701,2023-02-15,2023,2,15
1138,Africa,258701,2023-02-16,2023,2,16
1139,Africa,258701,2023-02-17,2023,2,17
1140,Africa,258701,2023-02-18,2023,2,18
1141,Africa,258722,2023-02-19,2023,2,19
1142,Africa,258722,2023-02-20,2023,2,20
1143,Africa,258722,2023-02-21,2023,2,21
1144,Africa,258722,2023-02-22,2023,2,22
1145,Africa,258722,2023-02-23,2023,2,23
1146,Africa,258722,2023-02-24,2023,2,24
1147,Africa,258722,2023-02-25,2023,2,25
1148,Africa,258740,2023-02-26,2023,2,26
1149,Africa,258740,2023-02-27,2023,2,27
1150,Africa,258740,2023-02-28,2023,2,28
1151,Africa,258740,2023-03-01,2023,3,1
1152,Africa,258740,2023-03-02,2023,3,2
1153,Africa,258740,2023-03-03,2023,3,3
1154,Africa,258740,2023-03-04,2023,3,4
1155,Africa,258758,2023-03-05,2023,3,5
1156,Africa,258758,2023-03-06,2023,3,6
1157,Africa,258758,2023-03-07,2023,3,7
1158,Africa,258758,2023-03-08,2023,3,8
1159,Africa,258758,2023-03-09,2023,3,9
1160,Africa,258758,2023-03-10,2023,3,10
1161,Africa,258758,2023-03-11,2023,3,11
1162,Africa,258779,2023-03-12,2023,3,12
1163,Africa,258779,2023-03-13,2023,3,13
1164,Africa,258779,2023-03-14,2023,3,14
1165,Africa,258779,2023-03-15,2023,3,15
1166,Africa,258779,2023-03-16,2023,3,16
1167,Africa,258779,2023-03-17,2023,3,17
1168,Africa,258779,2023-03-18,2023,3,18
1169,Africa,258797,2023-03-19,2023,3,19
1170,Africa,258797,2023-03-20,2023,3,20
1171,Africa,258797,2023-03-21,2023,3,21
1172,Africa,258797,2023-03-22,2023,3,22
1173,Africa,258797,2023-03-23,2023,3,23
1174,Africa,258797,2023-03-24,2023,3,24
1175,Africa,258797,2023-03-25,2023,3,25
1176,Africa,258821,2023-03-26,2023,3,26
1177,Africa,258821,2023-03-27,2023,3,27
1178,Africa,258821,2023-03-28,2023,3,28
1179,Africa,258821,2023-03-29,2023,3,29
1180,Africa,258821,2023-03-30,2023,3,30
1181,Africa,258821,2023-03-31,2023,3,31
1182,Africa,258821,2023-04-01,2023,4,1
1183,Africa,258835,2023-04-02,2023,4,2
1184,Africa,258835,2023-04-03,2023,4,3
1185,Africa,258835,2023-04-04,2023,4,4
1186,Africa,258835,2023-04-05,2023,4,5
1187,Africa,258835,2023-04-06,2023,4,6
1188,Africa,258835,2023-04-07,2023,4,7
1189,Africa,258835,2023-04-08,2023,4,8
1190,Africa,258844,2023-04-09,2023,4,9
1191,Africa,258844,2023-04-10,2023,4,10
1192,Africa,258844,2023-04-11,2023,4,11
1193,Africa,258844,2023-04-12,2023,4,12
1194,Africa,258844,2023-04-13,2023,4,13
1195,Africa,258844,2023-04-14,2023,4,14
1196,Africa,258844,2023-04-15,2023,4,15
1197,Africa,258867,2023-04-16,2023,4,16
1198,Africa,258867,2023-04-17,2023,4,17
1199,Africa,258867,2023-04-18,2023,4,18
1200,Africa,258867,2023-04-19,2023,4,19
1201,Africa,258867,2023-04-20,2023,4,20
1202,Africa,258867,2023-04-21,2023,4,21
1203,Africa,258867,2023-04-22,2023,4,22
1204,Africa,258882,2023-04-23,2023,4,23
1205,Africa,258882,2023-04-24,2023,4,24
1206,Africa,258882,2023-04-25,2023,4,25
1207,Africa,258882,2023-04-26,2023,4,26
1208,Africa,258882,2023-04-27,2023,4,27
1209,Africa,258882,2023-04-28,2023,4,28
1210,Africa,258882,2023-04-29,2023,4,29
1211,Africa,258899,2023-04-30,2023,4,30
1212,Africa,258899,2023-05-01,2023,5,1
1213,Africa,258899,2023-05-02,2023,5,2
1214,Africa,258899,2023-05-03,2023,5,3
1215,Africa,258899,2023-05-04,2023,5,4
1216,Africa,258899,2023-05-05,2023,5,5
1217,Africa,258899,2023-05-06,2023,5,6
1218,Africa,258918,2023-05-07,2023,5,7
1219,Africa,258918,2023-05-08,2023,5,8
1220,Africa,258918,2023-05-09,2023,5,9
1221,Africa,258918,2023-05-10,2023,5,10
1222,Africa,258918,2023-05-11,2023,5,11
1223,Africa,258918,2023-05-12,2023,5,12
1224,Africa,258918,2023-05-13,2023,5,13
1225,Africa,258934,2023-05-14,2023,5,14
1226,Africa,258934,2023-05-15,2023,5,15
1227,Africa,258934,2023-05-16,2023,5,16
1228,Africa,258934,2023-05-17,2023,5,17
1229,Africa,258934,2023-05-18,2023,5,18
1230,Africa,258934,2023-05-19,2023,5,19
1231,Africa,258934,2023-05-20,2023,5,20
1232,Africa,258941,2023-05-21,2023,5,21
1233,Africa,258941,2023-05-22,2023,5,22
1234,Africa,258941,2023-05-23,2023,5,23
1235,Africa,258941,2023-05-24,2023,5,24
1236,Africa,258941,2023-05-25,2023,5,25
1237,Africa,258941,2023-05-26,2023,5,26
1238,Africa,258941,2023-05-27,2023,5,27
1239,Africa,258949,2023-05-28,2023,5,28
1240,Africa,258949,2023-05-29,2023,5,29
1241,Africa,258949,2023-05-30,2023,5,30
1242,Africa,258949,2023-05-31,2023,5,31
1243,Africa,258949,2023-06-01,2023,6,1
1244,Africa,258949,2023-06-02,2023,6,2
1245,Africa,258949,2023-06-03,2023,6,3
1246,Africa,258958,2023-06-04,2023,6,4
1247,Africa,258958,2023-06-05,2023,6,5
1248,Africa,258958,2023-06-06,2023,6,6
1249,Africa,258958,2023-06-07,2023,6,7
1250,Africa,258958,2023-06-08,2023,6,8
1251,Africa,258958,2023-06-09,2023,6,9
1252,Africa,258958,2023-06-10,2023,6,10
1253,Africa,258964,2023-06-11,2023,6,11
1254,Africa,258964,2023-06-12,2023,6,12
1255,Africa,258964,2023-06-13,2023,6,13
1256,Africa,258964,2023-06-14,2023,6,14
1257,Africa,258964,2023-06-15,2023,6,15
1258,Africa,258964,2023-06-16,2023,6,16
1259,Africa,258964,2023-06-17,2023,6,17
1260,Africa,258977,2023-06-18,2023,6,18
1261,Africa,258977,2023-06-19,2023,6,19
1262,Africa,258977,2023-06-20,2023,6,20
1263,Africa,258977,2023-06-21,2023,6,21
1264,Africa,258977,2023-06-22,2023,6,22
1265,Africa,258977,2023-06-23,2023,6,23
1266,Africa,258977,2023-06-24,2023,6,24
1267,Africa,258986,2023-06-25,2023,6,25
1268,Africa,258986,2023-06-26,2023,6,26
1269,Africa,258986,2023-06-27,2023,6,27
1270,Africa,258986,2023-06-28,2023,6,28
1271,Africa,258986,2023-06-29,2023,6,29
1272,Africa,258986,2023-06-30,2023,6,30
1273,Africa,258986,2023-07-01,2023,7,1
1274,Africa,258989,2023-07-02,2023,7,2
1275,Africa,258989,2023-07-03,2023,7,3
1276,Africa,258989,2023-07-04,2023,7,4
1277,Africa,258989,2023-07-05,2023,7,5
1278,Africa,258989,2023-07-06,2023,7,6
1279,Africa,258989,2023-07-07,2023,7,7
1280,Africa,258989,2023-07-08,2023,7,8
1281,Africa,258993,2023-07-09,2023,7,9
1282,Africa,258993,2023-07-10,2023,7,10
1283,Africa,258993,2023-07-11,2023,7,11
1284,Africa,258993,2023-07-12,2023,7,12
1285,Africa,258993,2023-07-13,2023,7,13
1286,Africa,258993,2023-07-14,2023,7,14
1287,Africa,258993,2023-07-15,2023,7,15
1288,Africa,259000,2023-07-16,2023,7,16
1289,Africa,259000,2023-07-17,2023,7,17
1290,Africa,259000,2023-07-18,2023,7,18
1291,Africa,259000,2023-07-19,2023,7,19
1292,Africa,259000,2023-07-20,2023,7,20
1293,Africa,259000,2023-07-21,2023,7,21
1294,Africa,259000,2023-07-22,2023,7,22
1295,Africa,259002,2023-07-23,2023,7,23
1296,Africa,259002,2023-07-24,2023,7,24
1297,Africa,259002,2023-07-25,2023,7,25
1298,Africa,259002,2023-07-26,2023,7,26
1299,Africa,259002,2023-07-27,2023,7,27
1300,Africa,259002,2023-07-28,2023,7,28
1301,Africa,259002,2023-07-29,2023,7,29
1302,Africa,259004,2023-07-30,2023,7,30
1303,Africa,259004,2023-07-31,2023,7,31
1304,Africa,259004,2023-08-01,2023,8,1
1305,Africa,259004,2023-08-02,2023,8,2
1306,Africa,259004,2023-08-03,2023,8,3
1307,Africa,259004,2023-08-04,2023,8,4
1308,Africa,259004,2023-08-05,2023,8,5
1309,Africa,259005,2023-08-06,2023,8,6
1310,Africa,259005,2023-08-07,2023,8,7
1311,Africa,259005,2023-08-08,2023,8,8
1312,Africa,259005,2023-08-09,2023,8,9
1313,Africa,259005,2023-08-10,2023,8,10
1314,Africa,259005,2023-08-11,2023,8,11
1315,Africa,259005,2023-08-12,2023,8,12
1316,Africa,259012,2023-08-13,2023,8,13
1317,Africa,259012,2023-08-14,2023,8,14
1318,Africa,259012,2023-08-15,2023,8,15
1319,Africa,259012,2023-08-16,2023,8,16
1320,Africa,259012,2023-08-17,2023,8,17
1321,Africa,259012,2023-08-18,2023,8,18
1322,Africa,259012,2023-08-19,2023,8,19
1323,Africa,259015,2023-08-20,2023,8,20
1324,Africa,259015,2023-08-21,2023,8,21
1325,Africa,259015,2023-08-22,2023,8,22
1326,Africa,259015,2023-08-23,2023,8,23
1327,Africa,259015,2023-08-24,2023,8,24
1328,Africa,259015,2023-08-25,2023,8,25
1329,Africa,259015,2023-08-26,2023,8,26
1330,Africa,259017,2023-08-27,2023,8,27
1331,Africa,259017,2023-08-28,2023,8,28
1332,Africa,259017,2023-08-29,2023,8,29
1333,Africa,259017,2023-08-30,2023,8,30
1334,Africa,259017,2023-08-31,2023,8,31
1335,Africa,259017,2023-09-01,2023,9,1
1336,Africa,259017,2023-09-02,2023,9,2
1337,Africa,259017,2023-09-03,2023,9,3
1338,Africa,259017,2023-09-04,2023,9,4
1339,Africa,259017,2023-09-05,2023,9,5
1340,Africa,259017,2023-09-06,2023,9,6
1341,Africa,259017,2023-09-07,2023,9,7
1342,Africa,259017,2023-09-08,2023,9,8
1343,Africa,259017,2023-09-09,2023,9,9
1344,Africa,259018,2023-09-10,2023,9,10
1345,Africa,259018,2023-09-11,2023,9,11
1346,Africa,259018,2023-09-12,2023,9,12
1347,Africa,259018,2023-09-13,2023,9,13
1348,Africa,259018,2023-09-14,2023,9,14
1349,Africa,259018,2023-09-15,2023,9,15
1350,Africa,259018,2023-09-16,2023,9,16
1351,Africa,259020,2023-09-17,2023,9,17
1352,Africa,259020,2023-09-18,2023,9,18
1353,Africa,259020,2023-09-19,2023,9,19
1354,Africa,259020,2023-09-20,2023,9,20
1355,Africa,259020,2023-09-21,2023,9,21
1356,Africa,259020,2023-09-22,2023,9,22
1357,Africa,259020,2023-09-23,2023,9,23
1358,Africa,259023,2023-09-24,2023,9,24
1359,Africa,259023,2023-09-25,2023,9,25
1360,Africa,259023,2023-09-26,2023,9,26
1361,Africa,259023,2023-09-27,2023,9,27
1362,Africa,259023,2023-09-28,2023,9,28
1363,Africa,259023,2023-09-29,2023,9,29
1364,Africa,259023,2023-09-30,2023,9,30
1365,Africa,259025,2023-10-01,2023,10,1
1366,Africa,259025,2023-10-02,2023,10,2
1367,Africa,259025,2023-10-03,2023,10,3
1368,Africa,259025,2023-10-04,2023,10,4
1369,Africa,259025,2023-10-05,2023,10,5
1370,Africa,259025,2023-10-06,2023,10,6
1371,Africa,259025,2023-10-07,2023,10,7
1372,Africa,259034,2023-10-08,2023,10,8
1373,Africa,259034,2023-10-09,2023,10,9
1374,Africa,259034,2023-10-10,2023,10,10
1375,Africa,259034,2023-10-11,2023,10,11
1376,Africa,259034,2023-10-12,2023,10,12
1377,Africa,259034,2023-10-13,2023,10,13
1378,Africa,259034,2023-10-14,2023,10,14
1379,Africa,259035,2023-10-15,2023,10,15
1380,Africa,259035,2023-10-16,2023,10,16
1381,Africa,259035,2023-10-17,2023,10,17
1382,Africa,259035,2023-10-18,2023,10,18
1383,Africa,259035,2023-10-19,2023,10,19
1384,Africa,259035,2023-10-20,2023,10,20
1385,Africa,259035,2023-10-21,2023,10,21
1386,Africa,259036,2023-10-22,2023,10,22
1387,Africa,259036,2023-10-23,2023,10,23
1388,Africa,259036,2023-10-24,2023,10,24
1389,Africa,259036,2023-10-25,2023,10,25
1390,Africa,259036,2023-10-26,2023,10,26
1391,Africa,259036,2023-10-27,2023,10,27
1392,Africa,259036,2023-10-28,2023,10,28
1393,Africa,259037,2023-10-29,2023,10,29
1394,Africa,259037,2023-10-30,2023,10,30
1395,Africa,259037,2023-10-31,2023,10,31
1396,Africa,259037,2023-11-01,2023,11,1
1397,Africa,259037,2023-11-02,2023,11,2
1398,Africa,259037,2023-11-03,2023,11,3
1399,Africa,259037,2023-11-04,2023,11,4
1400,Africa,259039,2023-11-05,2023,11,5
1401,Africa,259039,2023-11-06,2023,11,6
1402,Africa,259039,2023-11-07,2023,11,7
1403,Africa,259039,2023-11-08,2023,11,8
1404,Africa,259039,2023-11-09,2023,11,9
1405,Africa,259039,2023-11-10,2023,11,10
1406,Africa,259039,2023-11-11,2023,11,11
1407,Africa,259044,2023-11-12,2023,11,12
1408,Africa,259044,2023-11-13,2023,11,13
1409,Africa,259044,2023-11-14,2023,11,14
1410,Africa,259044,2023-11-15,2023,11,15
1411,Africa,259044,2023-11-16,2023,11,16
1412,Africa,259044,2023-11-17,2023,11,17
1413,Africa,259044,2023-11-18,2023,11,18
1414,Africa,259050,2023-11-19,2023,11,19
1415,Africa,259050,2023-11-20,2023,11,20
1416,Africa,259050,2023-11-21,2023,11,21
1417,Africa,259050,2023-11-22,2023,11,22
1418,Africa,259050,2023-11-23,2023,11,23
1419,Africa,259050,2023-11-24,2023,11,24
1420,Africa,259050,2023-11-25,2023,11,25
1421,Africa,259055,2023-11-26,2023,11,26
1422,Africa,259055,2023-11-27,2023,11,27
1423,Africa,259055,2023-11-28,2023,11,28
1424,Africa,259055,2023-11-29,2023,11,29
1425,Africa,259055,2023-11-30,2023,11,30
1426,Africa,259055,2023-12-01,2023,12,1
1427,Africa,259055,2023-12-02,2023,12,2
1428,Africa,259058,2023-12-03,2023,12,3
1429,Africa,259058,2023-12-04,2023,12,4
1430,Africa,259058,2023-12-05,2023,12,5
1431,Africa,259058,2023-12-06,2023,12,6
1432,Africa,259058,2023-12-07,2023,12,7
1433,Africa,259058,2023-12-08,2023,12,8
1434,Africa,259058,2023-12-09,2023,12,9
1435,Africa,259060,2023-12-10,2023,12,10
1436,Africa,259060,2023-12-11,2023,12,11
1437,Africa,259060,2023-12-12,2023,12,12
1438,Africa,259060,2023-12-13,2023,12,13
1439,Africa,259060,2023-12-14,2023,12,14
1440,Africa,259060,2023-12-15,2023,12,15
1441,Africa,259060,2023-12-16,2023,12,16
1442,Africa,259061,2023-12-17,2023,12,17
1443,Africa,259061,2023-12-18,2023,12,18
1444,Africa,259061,2023-12-19,2023,12,19
1445,Africa,259061,2023-12-20,2023,12,20
1446,Africa,259061,2023-12-21,2023,12,21
1447,Africa,259061,2023-12-22,2023,12,22
1448,Africa,259061,2023-12-23,2023,12,23
1449,Africa,259062,2023-12-24,2023,12,24
1450,Africa,259062,2023-12-25,2023,12,25
1451,Africa,259062,2023-12-26,2023,12,26
1452,Africa,259062,2023-12-27,2023,12,27
1453,Africa,259062,2023-12-28,2023,12,28
1454,Africa,259062,2023-12-29,2023,12,29
1455,Africa,259062,2023-12-30,2023,12,30
1456,Africa,259066,2023-12-31,2023,12,31
1457,Africa,259066,2024-01-01,2024,1,1
1458,Africa,259066,2024-01-02,2024,1,2
1459,Africa,259066,2024-01-03,2024,1,3
1460,Africa,259066,2024-01-04,2024,1,4
1461,Africa,259066,2024-01-05,2024,1,5
1462,Africa,259066,2024-01-06,2024,1,6
1463,Africa,259073,2024-01-07,2024,1,7
1464,Africa,259073,2024-01-08,2024,1,8
1465,Africa,259073,2024-01-09,2024,1,9
1466,Africa,259073,2024-01-10,2024,1,10
1467,Africa,259073,2024-01-11,2024,1,11
1468,Africa,259073,2024-01-12,2024,1,12
1469,Africa,259073,2024-01-13,2024,1,13
1470,Africa,259082,2024-01-14,2024,1,14
1471,Africa,259082,2024-01-15,2024,1,15
1472,Africa,259082,2024-01-16,2024,1,16
1473,Africa,259082,2024-01-17,2024,1,17
1474,Africa,259082,2024-01-18,2024,1,18
1475,Africa,259082,2024-01-19,2024,1,19
1476,Africa,259082,2024-01-20,2024,1,20
1477,Africa,259082,2024-01-21,2024,1,21
1478,Africa,259082,2024-01-22,2024,1,22
1479,Africa,259082,2024-01-23,2024,1,23
1480,Africa,259082,2024-01-24,2024,1,24
1481,Africa,259082,2024-01-25,2024,1,25
1482,Africa,259082,2024-01-26,2024,1,26
1483,Africa,259082,2024-01-27,2024,1,27
1484,Africa,259084,2024-01-28,2024,1,28
1485,Africa,259084,2024-01-29,2024,1,29
1486,Africa,259084,2024-01-30,2024,1,30
1487,Africa,259084,2024-01-31,2024,1,31
1488,Africa,259084,2024-02-01,2024,2,1
1489,Africa,259084,2024-02-02,2024,2,2
1490,Africa,259084,2024-02-03,2024,2,3
1491,Africa,259086,2024-02-04,2024,2,4
1492,Africa,259086,2024-02-05,2024,2,5
1493,Africa,259086,2024-02-06,2024,2,6
1494,Africa,259086,2024-02-07,2024,2,7
1495,Africa,259086,2024-02-08,2024,2,8
1496,Africa,259086,2024-02-09,2024,2,9
1497,Africa,259086,2024-02-10,2024,2,10
1498,Africa,259087,2024-02-11,2024,2,11
1499,Africa,259087,2024-02-12,2024,2,12
1500,Africa,259087,2024-02-13,2024,2,13
1501,Africa,259087,2024-02-14,2024,2,14
1502,Africa,259087,2024-02-15,2024,2,15
1503,Africa,259087,2024-02-16,2024,2,16
1504,Africa,259087,2024-02-17,2024,2,17
1505,Africa,259088,2024-02-18,2024,2,18
1506,Africa,259088,2024-02-19,2024,2,19
1507,Africa,259088,2024-02-20,2024,2,20
1508,Africa,259088,2024-02-21,2024,2,21
1509,Africa,259088,2024-02-22,2024,2,22
1510,Africa,259088,2024-02-23,2024,2,23
1511,Africa,259088,2024-02-24,2024,2,24
1512,Africa,259092,2024-02-25,2024,2,25
1513,Africa,259092,2024-02-26,2024,2,26
1514,Africa,259092,2024-02-27,2024,2,27
1515,Africa,259092,2024-02-28,2024,2,28
1516,Africa,259092,2024-02-29,2024,2,29
1517,Africa,259092,2024-03-01,2024,3,1
1518,Africa,259092,2024-03-02,2024,3,2
1519,Africa,259094,2024-03-03,2024,3,3
1520,Africa,259094,2024-03-04,2024,3,4
1521,Africa,259094,2024-03-05,2024,3,5
1522,Africa,259094,2024-03-06,2024,3,6
1523,Africa,259094,2024-03-07,2024,3,7
1524,Africa,259094,2024-03-08,2024,3,8
1525,Africa,259094,2024-03-09,2024,3,9
1526,Africa,259094,2024-03-10,2024,3,10
1527,Africa,259094,2024-03-11,2024,3,11
1528,Africa,259094,2024-03-12,2024,3,12
1529,Africa,259094,2024-03-13,2024,3,13
1530,Africa,259094,2024-03-14,2024,3,14
1531,Africa,259094,2024-03-15,2024,3,15
1532,Africa,259094,2024-03-16,2024,3,16
1533,Africa,259095,2024-03-17,2024,3,17
1534,Africa,259095,2024-03-18,2024,3,18
1535,Africa,259095,2024-03-19,2024,3,19
1536,Africa,259095,2024-03-20,2024,3,20
1537,Africa,259095,2024-03-21,2024,3,21
1538,Africa,259095,2024-03-22,2024,3,22
1539,Africa,259095,2024-03-23,2024,3,23
1540,Africa,259095,2024-03-24,2024,3,24
1541,Africa,259095,2024-03-25,2024,3,25
1542,Africa,259095,2024-03-26,2024,3,26
1543,Africa,259095,2024-03-27,2024,3,27
1544,Africa,259095,2024-03-28,2024,3,28
1545,Africa,259095,2024-03-29,2024,3,29
1546,Africa,259095,2024-03-30,2024,3,30
1547,Africa,259096,2024-03-31,2024,3,31
1548,Africa,259096,2024-04-01,2024,4,1
1549,Africa,259096,2024-04-02,2024,4,2
1550,Africa,259096,2024-04-03,2024,4,3
1551,Africa,259096,2024-04-04,2024,4,4
1552,Africa,259096,2024-04-05,2024,4,5
1553,Africa,259096,2024-04-06,2024,4,6
1554,Africa,259097,2024-04-07,2024,4,7
1555,Africa,259097,2024-04-08,2024,4,8
1556,Africa,259097,2024-04-09,2024,4,9
1557,Africa,259097,2024-04-10,2024,4,10
1558,Africa,259097,2024-04-11,2024,4,11
1559,Africa,259097,2024-04-12,2024,4,12
1560,Africa,259097,2024-04-13,2024,4,13
1561,Africa,259099,2024-04-14,2024,4,14
1562,Africa,259099,2024-04-15,2024,4,15
1563,Africa,259099,2024-04-16,2024,4,16
1564,Africa,259099,2024-04-17,2024,4,17
1565,Africa,259099,2024-04-18,2024,4,18
1566,Africa,259099,2024-04-19,2024,4,19
1567,Africa,259099,2024-04-20,2024,4,20
1568,Africa,259101,2024-04-21,2024,4,21
1569,Africa,259101,2024-04-22,2024,4,22
1570,Africa,259101,2024-04-23,2024,4,23
1571,Africa,259101,2024-04-24,2024,4,24
1572,Africa,259101,2024-04-25,2024,4,25
1573,Africa,259101,2024-04-26,2024,4,26
1574,Africa,259101,2024-04-27,2024,4,27
1575,Africa,259101,2024-04-28,2024,4,28
0,Africa,259101,2024-04-29,2024,4,29
1,Africa,259101,2024-04-30,2024,4,30
2,Africa,259101,2024-05-01,2024,5,1
3,Africa,259101,2024-05-02,2024,5,2
4,Africa,259101,2024-05-03,2024,5,3
5,Africa,259101,2024-05-04,2024,5,4
6,Africa,259101,2024-05-05,2024,5,5
7,Africa,259101,2024-05-06,2024,5,6
8,Africa,259101,2024-05-07,2024,5,7
9,Africa,259101,2024-05-08,2024,5,8
10,Africa,259101,2024-05-09,2024,5,9
11,Africa,259101,2024-05-10,2024,5,10
12,Africa,259101,2024-05-11,2024,5,11
13,Africa,259101,2024-05-12,2024,5,12
14,Africa,259101,2024-05-13,2024,5,13
15,Africa,259101,2024-05-14,2024,5,14
16,Africa,259101,2024-05-15,2024,5,15
17,Africa,259101,2024-05-16,2024,5,16
18,Africa,259101,2024-05-17,2024,5,17
19,Africa,259101,2024-05-18,2024,5,18
20,Africa,259101,2024-05-19,2024,5,19
21,Africa,259101,2024-05-20,2024,5,20
22,Africa,259101,2024-05-21,2024,5,21
23,Africa,259101,2024-05-22,2024,5,22
24,Africa,259101,2024-05-23,2024,5,23
25,Africa,259101,2024-05-24,2024,5,24
26,Africa,259101,2024-05-25,2024,5,25
27,Africa,259101,2024-05-26,2024,5,26
28,Africa,259101,2024-05-27,2024,5,27
29,Africa,259101,2024-05-28,2024,5,28
30,Africa,259101,2024-05-29,2024,5,29
31,Africa,259101,2024-05-30,2024,5,30
32,Africa,259101,2024-05-31,2024,5,31
33,Africa,259101,2024-06-01,2024,6,1
34,Africa,259101,2024-06-02,2024,6,2
35,Africa,259101,2024-06-03,2024,6,3
36,Africa,259101,2024-06-04,2024,6,4
37,Africa,259101,2024-06-05,2024,6,5
38,Africa,259101,2024-06-06,2024,6,6
39,Africa,259101,2024-06-07,2024,6,7
40,Africa,259101,2024-06-08,2024,6,8
41,Africa,259101,2024-06-09,2024,6,9
42,Africa,259101,2024-06-10,2024,6,10
43,Africa,259101,2024-06-11,2024,6,11
44,Africa,259101,2024-06-12,2024,6,12
45,Africa,259101,2024-06-13,2024,6,13
46,Africa,259101,2024-06-14,2024,6,14
47,Africa,259101,2024-06-15,2024,6,15
48,Africa,259101,2024-06-16,2024,6,16
49,Africa,259101,2024-06-17,2024,6,17
50,Africa,259101,2024-06-18,2024,6,18
51,Africa,259101,2024-06-19,2024,6,19
52,Africa,259101,2024-06-20,2024,6,20
53,Africa,259101,2024-06-21,2024,6,21
54,Africa,259101,2024-06-22,2024,6,22
55,Africa,259101,2024-06-23,2024,6,23
56,Africa,259101,2024-06-24,2024,6,24
57,Africa,259101,2024-06-25,2024,6,25
58,Africa,259101,2024-06-26,2024,6,26
59,Africa,259101,2024-06-27,2024,6,27
60,Africa,259101,2024-06-28,2024,6,28
61,Africa,259101,2024-06-29,2024,6,29
62,Africa,259101,2024-06-30,2024,6,30
63,Africa,259101,2024-07-01,2024,7,1
64,Africa,259101,2024-07-02,2024,7,2
65,Africa,259101,2024-07-03,2024,7,3
66,Africa,259101,2024-07-04,2024,7,4
67,Africa,259101,2024-07-05,2024,7,5
68,Africa,259101,2024-07-06,2024,7,6
69,Africa,259101,2024-07-07,2024,7,7
70,Africa,259101,2024-07-08,2024,7,8
71,Africa,259101,2024-07-09,2024,7,9
72,Africa,259101,2024-07-10,2024,7,10
73,Africa,259101,2024-07-11,2024,7,11
74,Africa,259101,2024-07-12,2024,7,12
75,Africa,259101,2024-07-13,2024,7,13
76,Africa,259101,2024-07-14,2024,7,14
77,Africa,259101,2024-07-15,2024,7,15
78,Africa,259101,2024-07-16,2024,7,16
79,Africa,259101,2024-07-17,2024,7,17
80,Africa,259101,2024-07-18,2024,7,18
81,Africa,259101,2024-07-19,2024,7,19
82,Africa,259101,2024-07-20,2024,7,20
83,Africa,259101,2024-07-21,2024,7,21
84,Africa,259101,2024-07-22,2024,7,22
85,Africa,259101,2024-07-23,2024,7,23
86,Africa,259101,2024-07-24,2024,7,24
87,Africa,259101,2024-07-25,2024,7,25
88,Africa,259101,2024-07-26,2024,7,26
89,Africa,259101,2024-07-27,2024,7,27
90,Africa,259101,2024-07-28,2024,7,28
91,Africa,259101,2024-07-29,2024,7,29
92,Africa,259101,2024-07-30,2024,7,30
93,Africa,259101,2024-07-31,2024,7,31
94,Africa,259101,2024-08-01,2024,8,1
95,Africa,259101,2024-08-02,2024,8,2
96,Africa,259101,2024-08-03,2024,8,3
97,Africa,259101,2024-08-04,2024,8,4
98,Africa,259101,2024-08-05,2024,8,5
99,Africa,259101,2024-08-06,2024,8,6
100,Africa,259101,2024-08-07,2024,8,7
101,Africa,259101,2024-08-08,2024,8,8
102,Africa,259101,2024-08-09,2024,8,9
103,Africa,259101,2024-08-10,2024,8,10
104,Africa,259101,2024-08-11,2024,8,11
105,Africa,259101,2024-08-12,2024,8,12
106,Africa,259101,2024-08-13,2024,8,13
107,Africa,259101,2024-08-14,2024,8,14
108,Africa,259101,2024-08-15,2024,8,15
109,Africa,259101,2024-08-16,2024,8,16
110,Africa,259101,2024-08-17,2024,8,17
111,Africa,259101,2024-08-18,2024,8,18
112,Africa,259101,2024-08-19,2024,8,19
113,Africa,259101,2024-08-20,2024,8,20
114,Africa,259101,2024-08-21,2024,8,21
115,Africa,259101,2024-08-22,2024,8,22
116,Africa,259101,2024-08-23,2024,8,23
117,Africa,259101,2024-08-24,2024,8,24
118,Africa,259101,2024-08-25,2024,8,25
119,Africa,259101,2024-08-26,2024,8,26
120,Africa,259101,2024-08-27,2024,8,27
121,Africa,259101,2024-08-28,2024,8,28
122,Africa,259101,2024-08-29,2024,8,29
123,Africa,259101,2024-08-30,2024,8,30
124,Africa,259101,2024-08-31,2024,8,31
125,Africa,259101,2024-09-01,2024,9,1
126,Africa,259101,2024-09-02,2024,9,2
127,Africa,259101,2024-09-03,2024,9,3
128,Africa,259101,2024-09-04,2024,9,4
129,Africa,259101,2024-09-05,2024,9,5
130,Africa,259101,2024-09-06,2024,9,6
131,Africa,259101,2024-09-07,2024,9,7
132,Africa,259101,2024-09-08,2024,9,8
133,Africa,259101,2024-09-09,2024,9,9
134,Africa,259101,2024-09-10,2024,9,10
135,Africa,259101,2024-09-11,2024,9,11
136,Africa,259101,2024-09-12,2024,9,12
137,Africa,259101,2024-09-13,2024,9,13
138,Africa,259101,2024-09-14,2024,9,14
139,Africa,259101,2024-09-15,2024,9,15
140,Africa,259101,2024-09-16,2024,9,16
141,Africa,259101,2024-09-17,2024,9,17
142,Africa,259101,2024-09-18,2024,9,18
143,Africa,259101,2024-09-19,2024,9,19
144,Africa,259101,2024-09-20,2024,9,20
145,Africa,259101,2024-09-21,2024,9,21
146,Africa,259101,2024-09-22,2024,9,22
147,Africa,259101,2024-09-23,2024,9,23
148,Africa,259101,2024-09-24,2024,9,24
149,Africa,259101,2024-09-25,2024,9,25
150,Africa,259101,2024-09-26,2024,9,26
151,Africa,259101,2024-09-27,2024,9,27
152,Africa,259101,2024-09-28,2024,9,28
153,Africa,259101,2024-09-29,2024,9,29
154,Africa,259101,2024-09-30,2024,9,30
155,Africa,259101,2024-10-01,2024,10,1
156,Africa,259101,2024-10-02,2024,10,2
157,Africa,259101,2024-10-03,2024,10,3
158,Africa,259101,2024-10-04,2024,10,4
159,Africa,259101,2024-10-05,2024,10,5
160,Africa,259101,2024-10-06,2024,10,6
161,Africa,259101,2024-10-07,2024,10,7
162,Africa,259101,2024-10-08,2024,10,8
163,Africa,259101,2024-10-09,2024,10,9
164,Africa,259101,2024-10-10,2024,10,10
165,Africa,259101,2024-10-11,2024,10,11
166,Africa,259101,2024-10-12,2024,10,12
167,Africa,259101,2024-10-13,2024,10,13
168,Africa,259101,2024-10-14,2024,10,14
169,Africa,259101,2024-10-15,2024,10,15
170,Africa,259101,2024-10-16,2024,10,16
171,Africa,259101,2024-10-17,2024,10,17
172,Africa,259101,2024-10-18,2024,10,18
173,Africa,259101,2024-10-19,2024,10,19
174,Africa,259101,2024-10-20,2024,10,20
175,Africa,259101,2024-10-21,2024,10,21
176,Africa,259101,2024-10-22,2024,10,22
177,Africa,259101,2024-10-23,2024,10,23
178,Africa,259101,2024-10-24,2024,10,24
179,Africa,259101,2024-10-25,2024,10,25
180,Africa,259101,2024-10-26,2024,10,26
181,Africa,259101,2024-10-27,2024,10,27
182,Africa,259101,2024-10-28,2024,10,28
183,Africa,259101,2024-10-29,2024,10,29
184,Africa,259101,2024-10-30,2024,10,30
185,Africa,259101,2024-10-31,2024,10,31
186,Africa,259101,2024-11-01,2024,11,1
187,Africa,259101,2024-11-02,2024,11,2
188,Africa,259101,2024-11-03,2024,11,3
189,Africa,259101,2024-11-04,2024,11,4
190,Africa,259101,2024-11-05,2024,11,5
191,Africa,259101,2024-11-06,2024,11,6
192,Africa,259101,2024-11-07,2024,11,7
193,Africa,259101,2024-11-08,2024,11,8
194,Africa,259101,2024-11-09,2024,11,9
195,Africa,259101,2024-11-10,2024,11,10
196,Africa,259101,2024-11-11,2024,11,11
197,Africa,259101,2024-11-12,2024,11,12
198,Africa,259101,2024-11-13,2024,11,13
199,Africa,259101,2024-11-14,2024,11,14
200,Africa,259101,2024-11-15,2024,11,15
201,Africa,259101,2024-11-16,2024,11,16
202,Africa,259101,2024-11-17,2024,11,17
203,Africa,259101,2024-11-18,2024,11,18
204,Africa,259101,2024-11-19,2024,11,19
205,Africa,259101,2024-11-20,2024,11,20
206,Africa,259101,2024-11-21,2024,11,21
207,Africa,259101,2024-11-22,2024,11,22
208,Africa,259101,2024-11-23,2024,11,23
209,Africa,259101,2024-11-24,2024,11,24
210,Africa,259101,2024-11-25,2024,11,25
211,Africa,259101,2024-11-26,2024,11,26
212,Africa,259101,2024-11-27,2024,11,27
213,Africa,259101,2024-11-28,2024,11,28
214,Africa,259101,2024-11-29,2024,11,29
215,Africa,259101,2024-11-30,2024,11,30
216,Africa,259101,2024-12-01,2024,12,1
217,Africa,259101,2024-12-02,2024,12,2
218,Africa,259101,2024-12-03,2024,12,3
219,Africa,259101,2024-12-04,2024,12,4
220,Africa,259101,2024-12-05,2024,12,5
221,Africa,259101,2024-12-06,2024,12,6
222,Africa,259101,2024-12-07,2024,12,7
223,Africa,259101,2024-12-08,2024,12,8
224,Africa,259101,2024-12-09,2024,12,9
225,Africa,259101,2024-12-10,2024,12,10
226,Africa,259101,2024-12-11,2024,12,11
227,Africa,259101,2024-12-12,2024,12,12
228,Africa,259101,2024-12-13,2024,12,13
229,Africa,259101,2024-12-14,2024,12,14
230,Africa,259101,2024-12-15,2024,12,15
231,Africa,259101,2024-12-16,2024,12,16
232,Africa,259101,2024-12-17,2024,12,17
233,Africa,259101,2024-12-18,2024,12,18
234,Africa,259101,2024-12-19,2024,12,19
235,Africa,259101,2024-12-20,2024,12,20
236,Africa,259101,2024-12-21,2024,12,21
237,Africa,259101,2024-12-22,2024,12,22
238,Africa,259101,2024-12-23,2024,12,23
239,Africa,259101,2024-12-24,2024,12,24
240,Africa,259101,2024-12-25,2024,12,25
241,Africa,259101,2024-12-26,2024,12,26
242,Africa,259101,2024-12-27,2024,12,27
243,Africa,259101,2024-12-28,2024,12,28
244,Africa,259101,2024-12-29,2024,12,29
245,Africa,259101,2024-12-30,2024,12,30
246,Africa,259101,2024-12-31,2024,12,31
247,Africa,259101,2025-01-01,2025,1,1
248,Africa,259101,2025-01-02,2025,1,2
249,Africa,259101,2025-01-03,2025,1,3
250,Africa,259101,2025-01-04,2025,1,4
251,Africa,259101,2025-01-05,2025,1,5
252,Africa,259101,2025-01-06,2025,1,6
253,Africa,259101,2025-01-07,2025,1,7
254,Africa,259101,2025-01-08,2025,1,8
255,Africa,259101,2025-01-09,2025,1,9
256,Africa,259101,2025-01-10,2025,1,10
257,Africa,259101,2025-01-11,2025,1,11
258,Africa,259101,2025-01-12,2025,1,12
259,Africa,259101,2025-01-13,2025,1,13
260,Africa,259101,2025-01-14,2025,1,14
261,Africa,259101,2025-01-15,2025,1,15
262,Africa,259101,2025-01-16,2025,1,16
263,Africa,259101,2025-01-17,2025,1,17
264,Africa,259101,2025-01-18,2025,1,18
265,Africa,259101,2025-01-19,2025,1,19
266,Africa,259101,2025-01-20,2025,1,20
267,Africa,259101,2025-01-21,2025,1,21
268,Africa,259101,2025-01-22,2025,1,22
269,Africa,259101,2025-01-23,2025,1,23
270,Africa,259101,2025-01-24,2025,1,24
271,Africa,259101,2025-01-25,2025,1,25
272,Africa,259101,2025-01-26,2025,1,26
273,Africa,259101,2025-01-27,2025,1,27
274,Africa,259101,2025-01-28,2025,1,28
275,Africa,259101,2025-01-29,2025,1,29
276,Africa,259101,2025-01-30,2025,1,30
277,Africa,259101,2025-01-31,2025,1,31
278,Africa,259101,2025-02-01,2025,2,1
279,Africa,259101,2025-02-02,2025,2,2
280,Africa,259101,2025-02-03,2025,2,3
281,Africa,259101,2025-02-04,2025,2,4
282,Africa,259101,2025-02-05,2025,2,5
283,Africa,259101,2025-02-06,2025,2,6
284,Africa,259101,2025-02-07,2025,2,7
285,Africa,259101,2025-02-08,2025,2,8
286,Africa,259101,2025-02-09,2025,2,9
287,Africa,259101,2025-02-10,2025,2,10
288,Africa,259101,2025-02-11,2025,2,11
289,Africa,259101,2025-02-12,2025,2,12
290,Africa,259101,2025-02-13,2025,2,13
291,Africa,259101,2025-02-14,2025,2,14
292,Africa,259101,2025-02-15,2025,2,15
293,Africa,259101,2025-02-16,2025,2,16
294,Africa,259101,2025-02-17,2025,2,17
295,Africa,259101,2025-02-18,2025,2,18
296,Africa,259101,2025-02-19,2025,2,19
297,Africa,259101,2025-02-20,2025,2,20
298,Africa,259101,2025-02-21,2025,2,21
299,Africa,259101,2025-02-22,2025,2,22
300,Africa,259101,2025-02-23,2025,2,23
301,Africa,259101,2025-02-24,2025,2,24
302,Africa,259101,2025-02-25,2025,2,25
303,Africa,259101,2025-02-26,2025,2,26
304,Africa,259101,2025-02-27,2025,2,27
305,Africa,259101,2025-02-28,2025,2,28
306,Africa,259101,2025-03-01,2025,3,1
307,Africa,259101,2025-03-02,2025,3,2
308,Africa,259101,2025-03-03,2025,3,3
309,Africa,259101,2025-03-04,2025,3,4
310,Africa,259101,2025-03-05,2025,3,5
311,Africa,259101,2025-03-06,2025,3,6
312,Africa,259101,2025-03-07,2025,3,7
313,Africa,259101,2025-03-08,2025,3,8
314,Africa,259101,2025-03-09,2025,3,9
315,Africa,259101,2025-03-10,2025,3,10
316,Africa,259101,2025-03-11,2025,3,11
317,Africa,259101,2025-03-12,2025,3,12
318,Africa,259101,2025-03-13,2025,3,13
319,Africa,259101,2025-03-14,2025,3,14
320,Africa,259101,2025-03-15,2025,3,15
321,Africa,259101,2025-03-16,2025,3,16
322,Africa,259101,2025-03-17,2025,3,17
323,Africa,259101,2025-03-18,2025,3,18
324,Africa,259101,2025-03-19,2025,3,19
325,Africa,259101,2025-03-20,2025,3,20
326,Africa,259101,2025-03-21,2025,3,21
327,Africa,259101,2025-03-22,2025,3,22
328,Africa,259101,2025-03-23,2025,3,23
329,Africa,259101,2025-03-24,2025,3,24
330,Africa,259101,2025-03-25,2025,3,25
331,Africa,259101,2025-03-26,2025,3,26
332,Africa,259101,2025-03-27,2025,3,27
333,Africa,259101,2025-03-28,2025,3,28
334,Africa,259101,2025-03-29,2025,3,29
335,Africa,259101,2025-03-30,2025,3,30
336,Africa,259101,2025-03-31,2025,3,31
337,Africa,259101,2025-04-01,2025,4,1
338,Africa,259101,2025-04-02,2025,4,2
339,Africa,259101,2025-04-03,2025,4,3
340,Africa,259101,2025-04-04,2025,4,4
341,Africa,259101,2025-04-05,2025,4,5
342,Africa,259101,2025-04-06,2025,4,6
343,Africa,259101,2025-04-07,2025,4,7
344,Africa,259101,2025-04-08,2025,4,8
345,Africa,259101,2025-04-09,2025,4,9
346,Africa,259101,2025-04-10,2025,4,10
347,Africa,259101,2025-04-11,2025,4,11
348,Africa,259101,2025-04-12,2025,4,12
349,Africa,259101,2025-04-13,2025,4,13
350,Africa,259101,2025-04-14,2025,4,14
351,Africa,259101,2025-04-15,2025,4,15
352,Africa,259101,2025-04-16,2025,4,16
353,Africa,259101,2025-04-17,2025,4,17
354,Africa,259101,2025-04-18,2025,4,18
355,Africa,259101,2025-04-19,2025,4,19
356,Africa,259101,2025-04-20,2025,4,20
357,Africa,259101,2025-04-21,2025,4,21
358,Africa,259101,2025-04-22,2025,4,22
359,Africa,259101,2025-04-23,2025,4,23
360,Africa,259101,2025-04-24,2025,4,24
361,Africa,259101,2025-04-25,2025,4,25
362,Africa,259101,2025-04-26,2025,4,26
363,Africa,259101,2025-04-27,2025,4,27
364,Africa,259101,2025-04-28,2025,4,28
